pl_name,score
TOI-700 d,100.0
Teegarden's Star b,100.0
TOI-700 e,99.46666666666667
Kepler-438 b,96.00000000000001
L 98-59 f,95.39999999999999
Kepler-1649 c,92.0
Kepler-1652 b,91.575
Ross 128 b,91.03333333333333
Kepler-452 b,90.225
TRAPPIST-1 e,88.05
Kepler-442 b,86.5
TRAPPIST-1 d,85.00000000000001
TOI-1266 d,83.76666666666667
Kepler-1410 b,83.25
Kepler-1544 b,83.25
Kepler-283 c,76.325
Proxima Cen b,75.28
Kepler-1512 b,74.66666666666667
Kepler-445 d,72.5
Kepler-296 f,71.925
Kepler-1649 b,71.5
Kepler-138 e,71.2
K2-18 b,70.0
Kepler-22 b,70.0
G 261-6 b,69.18333333333334
Kepler-440 b,68.89999999999999
Kepler-1126 c,68.5
Kepler-705 b,67.82000000000001
Kepler-1653 b,67.0
Kepler-296 e,66.63333333333334
Proxima Cen d,66.47999999999999
Kepler-186 e,65.10000000000001
TRAPPIST-1 f,63.849999999999994
Kepler-1701 b,63.416666666666664
Kepler-155 c,63.19999999999999
Kepler-1389 b,62.19
TOI-6002 b,62.07200000000002
Kepler-69 c,62.025
Kepler-560 b,62.025
Kepler-1229 b,59.92000000000001
TOI-2257 b,59.624
Teegarden's Star c,59.5
Kepler-289 e,59.199999999999996
K2-3 d,58.17333333333333
Kepler-1450 b,57.525000000000006
Kepler-61 b,56.01666666666667
Kepler-1455 b,55.95333333333333
Kepler-1540 b,55.25
TRAPPIST-1 c,55.15000000000001
Kepler-380 b,55.00000000000001
Kepler-1417 b,55.00000000000001
Kepler-1470 b,55.00000000000001
Kepler-1473 b,55.00000000000001
Kepler-367 c,55.00000000000001
Wolf 327 b,55.00000000000001
G 192-15 b,55.00000000000001
Kepler-1468 c,55.00000000000001
Kepler-1464 c,55.00000000000001
Kepler-1553 b,55.00000000000001
Kepler-1482 b,55.00000000000001
Kepler-1481 b,55.00000000000001
Kepler-1477 b,55.00000000000001
Kepler-1541 b,55.00000000000001
GJ 9827 c,55.00000000000001
GJ 3929 b,55.00000000000001
TOI-500 b,55.00000000000001
Kepler-1537 b,55.00000000000001
Kepler-1414 b,55.00000000000001
Kepler-1578 b,55.00000000000001
Kepler-969 c,55.00000000000001
Kepler-953 c,55.00000000000001
Kepler-1577 b,55.00000000000001
Kepler-1576 b,55.00000000000001
Kepler-1573 b,55.00000000000001
Kepler-1572 b,55.00000000000001
Kepler-1570 b,55.00000000000001
Kepler-1438 b,55.00000000000001
Kepler-1612 b,55.00000000000001
Kepler-1377 b,55.00000000000001
Kepler-1376 b,55.00000000000001
Kepler-1605 b,55.00000000000001
Kepler-1598 b,55.00000000000001
Kepler-1597 b,55.00000000000001
Kepler-1386 b,55.00000000000001
Kepler-908 b,55.00000000000001
Kepler-1399 b,55.00000000000001
Kepler-1398 c,55.00000000000001
Kepler-1390 b,55.00000000000001
Kepler-1595 b,55.00000000000001
Kepler-1594 b,55.00000000000001
Kepler-1590 b,55.00000000000001
Kepler-1646 b,55.00000000000001
Kepler-1331 b,55.00000000000001
Kepler-1328 b,55.00000000000001
Kepler-135 c,55.00000000000001
Kepler-1347 b,55.00000000000001
Kepler-163 b,55.00000000000001
Kepler-907 b,55.00000000000001
Kepler-889 b,55.00000000000001
Kepler-887 c,55.00000000000001
Kepler-884 b,55.00000000000001
Kepler-882 b,55.00000000000001
Kepler-1363 b,55.00000000000001
Kepler-1358 b,55.00000000000001
Kepler-1617 b,55.00000000000001
Kepler-1616 b,55.00000000000001
Kepler-1434 b,55.00000000000001
LTT 1445 A c,55.00000000000001
LTT 1445 A b,55.00000000000001
LP 791-18 d,55.00000000000001
LP 791-18 b,55.00000000000001
LHS 475 b,55.00000000000001
LHS 1815 b,55.00000000000001
LHS 1678 d,55.00000000000001
Kepler-1430 b,55.00000000000001
Kepler-1427 b,55.00000000000001
Kepler-1425 b,55.00000000000001
Kepler-169 c,55.00000000000001
Kepler-169 b,55.00000000000001
Kepler-1689 b,55.00000000000001
Kepler-1312 c,55.00000000000001
Kepler-1311 c,55.00000000000001
Kepler-1311 b,55.00000000000001
Kepler-132 e,55.00000000000001
Kepler-132 b,55.00000000000001
Kepler-167 d,55.00000000000001
Kepler-1669 d,55.00000000000001
Kepler-847 b,55.00000000000001
Kepler-826 b,55.00000000000001
Kepler-1650 b,55.00000000000001
Kepler-1288 b,55.00000000000001
Kepler-1285 b,55.00000000000001
Kepler-1284 b,55.00000000000001
Kepler-1698 b,55.00000000000001
Kepler-130 b,55.00000000000001
Kepler-1297 b,55.00000000000001
Kepler-1293 b,55.00000000000001
Kepler-1695 b,55.00000000000001
Kepler-1694 b,55.00000000000001
Kepler-1693 c,55.00000000000001
Kepler-81 d,55.00000000000001
Kepler-806 b,55.00000000000001
Kepler-804 c,55.00000000000001
Kepler-1692 b,55.00000000000001
Kepler-169 d,55.00000000000001
Kepler-185 b,55.00000000000001
Kepler-1240 b,55.00000000000001
Kepler-124 d,55.00000000000001
Kepler-1834 c,55.00000000000001
Kepler-1832 b,55.00000000000001
Kepler-1248 b,55.00000000000001
Kepler-1264 b,55.00000000000001
Kepler-1263 b,55.00000000000001
Kepler-1800 b,55.00000000000001
Kepler-1763 b,55.00000000000001
Kepler-775 b,55.00000000000001
Kepler-770 c,55.00000000000001
Kepler-763 b,55.00000000000001
Kepler-1278 b,55.00000000000001
Kepler-1276 b,55.00000000000001
Kepler-1735 b,55.00000000000001
Kepler-1199 b,55.00000000000001
Kepler-1197 b,55.00000000000001
Kepler-1869 b,55.00000000000001
Kepler-1867 b,55.00000000000001
Kepler-1860 b,55.00000000000001
Kepler-186 f,55.00000000000001
Kepler-186 c,55.00000000000001
Kepler-186 b,55.00000000000001
Kepler-1215 b,55.00000000000001
Kepler-1213 b,55.00000000000001
Kepler-756 b,55.00000000000001
Kepler-746 b,55.00000000000001
Kepler-743 b,55.00000000000001
Kepler-1223 b,55.00000000000001
Kepler-1909 b,55.00000000000001
Kepler-1907 c,55.00000000000001
Kepler-1902 b,55.00000000000001
Kepler-1178 b,55.00000000000001
Kepler-1169 b,55.00000000000001
Kepler-1898 b,55.00000000000001
Kepler-1894 c,55.00000000000001
Kepler-1894 b,55.00000000000001
Kepler-189 b,55.00000000000001
HD 260655 b,55.00000000000001
HD 23472 f,55.00000000000001
Kepler-1514 c,55.00000000000001
Kepler-68 c,55.00000000000001
Kepler-1203 b,55.00000000000001
Kepler-1200 b,55.00000000000001
Kepler-1952 b,55.00000000000001
Kepler-1948 b,55.00000000000001
Kepler-1947 b,55.00000000000001
Kepler-1150 b,55.00000000000001
Kepler-115 b,55.00000000000001
Kepler-1146 b,55.00000000000001
Kepler-1939 b,55.00000000000001
Kepler-1933 b,55.00000000000001
Kepler-647 b,55.00000000000001
Kepler-625 c,55.00000000000001
Kepler-1500 b,55.00000000000001
Kepler-1164 b,55.00000000000001
Kepler-1163 b,55.00000000000001
Kepler-1157 b,55.00000000000001
Kepler-192 d,55.00000000000001
Kepler-1911 b,55.00000000000001
Kepler-1117 b,55.00000000000001
Kepler-197 d,55.00000000000001
Kepler-197 b,55.00000000000001
Kepler-1966 b,55.00000000000001
Kepler-1962 b,55.00000000000001
Kepler-1959 b,55.00000000000001
Kepler-589 c,55.00000000000001
Kepler-150 b,55.00000000000001
Kepler-534 c,55.00000000000001
Kepler-524 c,55.00000000000001
Kepler-520 c,55.00000000000001
Kepler-1957 b,55.00000000000001
Kepler-1956 b,55.00000000000001
Kepler-1955 b,55.00000000000001
Kepler-1139 b,55.00000000000001
Kepler-208 d,55.00000000000001
Kepler-1096 b,55.00000000000001
Kepler-1095 b,55.00000000000001
Kepler-206 d,55.00000000000001
Kepler-206 b,55.00000000000001
Kepler-2001 b,55.00000000000001
Kepler-1104 b,55.00000000000001
Kepler-20 e,55.00000000000001
Kepler-495 c,55.00000000000001
Kepler-466 c,55.00000000000001
Kepler-446 c,55.00000000000001
Kepler-1990 c,55.00000000000001
Kepler-1987 b,55.00000000000001
Kepler-1055 b,55.00000000000001
Kepler-1053 b,55.00000000000001
Kepler-1074 b,55.00000000000001
Kepler-226 d,55.00000000000001
Kepler-225 b,55.00000000000001
K2-122 b,55.00000000000001
Kepler-431 d,55.00000000000001
Kepler-403 b,55.00000000000001
Kepler-220 d,55.00000000000001
Kepler-1084 b,55.00000000000001
Kepler-1082 b,55.00000000000001
Kepler-1081 b,55.00000000000001
Kepler-212 b,55.00000000000001
Kepler-282 c,55.00000000000001
Kepler-282 b,55.00000000000001
Kepler-271 c,55.00000000000001
Kepler-271 b,55.00000000000001
Kepler-1035 b,55.00000000000001
Kepler-402 b,55.00000000000001
Kepler-399 b,55.00000000000001
Kepler-398 c,55.00000000000001
Kepler-395 b,55.00000000000001
Kepler-26 d,55.00000000000001
Kepler-1049 b,55.00000000000001
Kepler-1047 c,55.00000000000001
Kepler-252 b,55.00000000000001
Kepler-250 b,55.00000000000001
Kepler-249 b,55.00000000000001
Kepler-320 b,55.00000000000001
Kepler-316 c,55.00000000000001
Kepler-316 b,55.00000000000001
Kepler-310 b,55.00000000000001
Kepler-304 e,55.00000000000001
Kepler-303 c,55.00000000000001
Kepler-295 c,55.00000000000001
Kepler-295 b,55.00000000000001
Kepler-1499 b,55.00000000000001
Kepler-392 c,55.00000000000001
Kepler-392 b,55.00000000000001
Kepler-286 b,55.00000000000001
Kepler-285 c,55.00000000000001
Kepler-334 b,55.00000000000001
Kepler-333 c,55.00000000000001
Kepler-332 d,55.00000000000001
Kepler-332 c,55.00000000000001
Kepler-332 b,55.00000000000001
Kepler-327 b,55.00000000000001
Kepler-387 b,55.00000000000001
Kepler-384 c,55.00000000000001
Kepler-384 b,55.00000000000001
Kepler-383 c,55.00000000000001
Kepler-381 d,55.00000000000001
Kepler-381 c,55.00000000000001
Kepler-381 b,55.00000000000001
TRAPPIST-1 g,55.00000000000001
Kepler-363 b,55.00000000000001
Kepler-376 b,55.00000000000001
YZ Cet d,55.00000000000001
Kepler-374 c,55.00000000000001
Kepler-374 b,55.00000000000001
Kepler-373 c,55.00000000000001
Kepler-354 d,55.00000000000001
Kepler-352 c,55.00000000000001
Kepler-341 b,55.00000000000001
Kepler-336 b,55.00000000000001
Kepler-1409 b,55.00000000000001
Kepler-1406 b,55.00000000000001
Kepler-1424 b,55.00000000000001
Kepler-1423 b,55.00000000000001
GJ 1132 b,55.00000000000001
GJ 1252 b,55.00000000000001
KOI-351 c,55.00000000000001
Kepler-322 b,55.00000000000001
YZ Cet c,55.00000000000001
Kepler-1445 b,55.00000000000001
Kepler-1443 b,55.00000000000001
Kepler-1456 b,55.00000000000001
Teegarden's Star d,55.00000000000001
Kepler-1565 b,55.00000000000001
Kepler-1561 b,55.00000000000001
TOI-270 b,55.00000000000001
Kepler-369 b,55.00000000000001
TOI-2096 b,55.00000000000001
TOI-1776 b,55.00000000000001
TOI-1411 b,55.00000000000001
TRAPPIST-1 b,55.00000000000001
Kepler-1421 b,54.94
Kepler-1387 b,54.94
Kepler-398 b,54.94
Kepler-1505 b,54.94
Kepler-1697 b,54.8090478
Kepler-1440 b,54.800000000000004
Kepler-134 c,54.800000000000004
Kepler-162 b,54.800000000000004
Kepler-1618 b,54.800000000000004
Kepler-755 c,54.800000000000004
Kepler-1029 b,54.800000000000004
Kepler-211 b,54.800000000000004
Kepler-1688 b,54.7650862
GJ 3473 b,54.72
Kepler-235 e,54.61666666666667
Kepler-1591 b,54.6
Kepler-1370 c,54.6
Kepler-831 b,54.6
Kepler-380 c,54.6
Kepler-732 c,54.6
Kepler-181 b,54.6
Kepler-404 b,54.6
Kepler-1372 b,54.6
LHS 1140 c,54.559999999999995
Kepler-1741 b,54.54
Kepler-1037 b,54.400000000000006
Kepler-1008 b,54.400000000000006
Kepler-776 b,54.400000000000006
Kepler-132 c,54.400000000000006
Kepler-235 c,54.400000000000006
Kepler-1357 b,54.400000000000006
Kepler-1420 b,54.400000000000006
Kepler-1124 b,54.400000000000006
Kepler-787 b,54.400000000000006
Kepler-1953 b,54.2850666
GJ 486 b,54.22
Kepler-1693 b,54.212317399999996
Kepler-1603 b,54.2
Kepler-393 b,54.2
Kepler-1012 b,54.2
Kepler-1415 b,54.2
Kepler-1574 b,54.2
Kepler-1429 b,54.2
Kepler-173 b,54.2
Kepler-1254 c,54.0
Kepler-1098 b,54.0
Kepler-1568 b,54.0
Kepler-1379 b,54.0
Kepler-796 b,54.0
Kepler-367 b,54.0
Kepler-1833 b,53.9945276
TOI-431 b,53.87500000000001
Kepler-1960 b,53.8500592
Kepler-1298 b,53.800000000000004
Kepler-1254 d,53.800000000000004
Kepler-1575 b,53.800000000000004
Kepler-821 b,53.800000000000004
Kepler-354 c,53.800000000000004
Kepler-1623 b,53.800000000000004
KOI-351 b,53.800000000000004
Kepler-1436 b,53.800000000000004
Kepler-374 d,53.800000000000004
Kepler-1441 b,53.800000000000004
K2-233 b,53.7
Kepler-1783 b,53.610653799999994
Kepler-1179 b,53.6
Kepler-1193 b,53.6
Kepler-292 b,53.6
Kepler-382 b,53.6
Kepler-383 b,53.6
Kepler-299 b,53.6
Kepler-395 c,53.6
Kepler-255 d,53.6
Kepler-157 b,53.6
TOI-406 c,53.6
Kepler-603 d,53.6
Kepler-1156 b,53.6
Kepler-617 b,53.6
Kepler-217 d,53.6
Kepler-1506 b,53.6
K2-35 b,53.6
LTT 3780 b,53.5
Kepler-1671 b,53.488523799999996
Kepler-1888 b,53.4842568
L 98-59 c,53.42
Kepler-931 b,53.400000000000006
Kepler-348 c,53.400000000000006
Kepler-1028 b,53.400000000000006
Kepler-1587 b,53.400000000000006
Kepler-144 b,53.400000000000006
Kepler-393 c,53.400000000000006
Kepler-1224 b,53.400000000000006
Kepler-1253 b,53.400000000000006
Kepler-220 e,53.400000000000006
Kepler-1987 c,53.400000000000006
Kepler-1508 b,53.400000000000006
Kepler-1498 b,53.400000000000006
Kepler-707 b,53.400000000000006
Kepler-251 b,53.400000000000006
Kepler-1185 b,53.400000000000006
Kepler-286 d,53.400000000000006
Kepler-1190 b,53.400000000000006
Kepler-779 b,53.26
Kepler-1365 b,53.26
Kepler-119 c,53.26
Kepler-1367 b,53.26
Kepler-1607 b,53.26
Kepler-191 b,53.2
Kepler-285 b,53.2
Kepler-1602 b,53.2
Kepler-1319 b,53.2
HD 23472 e,53.2
Kepler-1107 b,53.2
Kepler-935 b,53.0
Kepler-301 c,53.0
Kepler-330 b,53.0
Kepler-1532 b,53.0
Kepler-144 c,53.0
Kepler-446 d,53.0
Kepler-1114 b,53.0
Kepler-1265 b,53.0
Kepler-301 b,53.0
Kepler-1631 b,53.0
Kepler-1965 b,52.91697239999999
Kepler-1912 b,52.8658984
Kepler-1680 b,52.8090528
Kepler-295 d,52.800000000000004
Kepler-997 b,52.800000000000004
Kepler-757 b,52.800000000000004
TOI-771 b,52.800000000000004
Kepler-1246 b,52.800000000000004
Kepler-262 b,52.800000000000004
Kepler-1459 b,52.800000000000004
Kepler-373 b,52.800000000000004
Kepler-372 b,52.800000000000004
Kepler-1549 b,52.75000000000001
Kepler-595 c,52.75
Kepler-1437 b,52.6
Kepler-320 c,52.6
Kepler-932 b,52.6
Kepler-1332 b,52.6
Kepler-901 b,52.6
Kepler-286 c,52.6
Kepler-240 b,52.6
Kepler-1300 b,52.6
Kepler-793 b,52.6
Kepler-914 b,52.400000000000006
Kepler-1120 b,52.400000000000006
Kepler-629 b,52.400000000000006
Kepler-353 c,52.400000000000006
Kepler-923 b,52.400000000000006
Kepler-402 d,52.400000000000006
Kepler-84 d,52.400000000000006
Kepler-1315 b,52.400000000000006
Kepler-1606 b,52.38333333333334
TOI-700 b,52.239999999999995
Kepler-1394 b,52.2
Kepler-224 b,52.2
Kepler-1216 b,52.2
Kepler-208 c,52.2
Kepler-386 b,52.2
Kepler-377 b,52.2
Kepler-1904 b,52.190011999999996
Kepler-1761 b,52.1780794
Kepler-716 c,52.1436928
Kepler-1934 b,52.12
Kepler-770 d,52.0
Kepler-443 b,52.0
Kepler-186 d,52.0
Kepler-127 b,52.0
Kepler-1301 b,52.0
YZ Cet b,52.0
Kepler-329 b,52.0
Kepler-1145 b,52.0
Kepler-249 d,51.925
Kepler-1638 b,51.89999999999999
Kepler-1848 b,51.822922000000005
Kepler-1921 c,51.800000000000004
Kepler-1205 b,51.800000000000004
Kepler-141 c,51.800000000000004
Kepler-1493 b,51.800000000000004
Kepler-1471 b,51.800000000000004
Kepler-334 d,51.800000000000004
Kepler-905 b,51.800000000000004
Kepler-1383 b,51.800000000000004
Kepler-1604 b,51.800000000000004
Kepler-164 b,51.800000000000004
Kepler-537 b,51.800000000000004
Kepler-237 b,51.800000000000004
Kepler-656 c,51.800000000000004
Kepler-187 b,51.800000000000004
Kepler-369 c,51.800000000000004
TOI-1468 b,51.67999999999999
Kepler-1038 c,51.67532399999999
Kepler-339 b,51.6
Kepler-922 b,51.6
Kepler-1290 b,51.6
Kepler-1231 b,51.6
Kepler-1075 b,51.6
Kepler-1303 b,51.6
Kepler-1274 b,51.6
Kepler-763 c,51.6
Kepler-403 d,51.6
Kepler-1088 b,51.6
Kepler-65 b,51.6
Kepler-1992 b,51.57999999999999
Kepler-197 e,51.57999999999999
Kepler-1296 b,51.57999999999999
Kepler-1525 b,51.57999999999999
Kepler-1825 b,51.5598536
Kepler-1686 b,51.489396600000006
Kepler-1302 b,51.4
Kepler-1259 b,51.4
Kepler-876 b,51.4
Kepler-334 c,51.4
Kepler-311 c,51.4
Kepler-1380 b,51.4
Kepler-399 c,51.4
Kepler-773 b,51.4
Kepler-1366 b,51.4
Kepler-1007 b,51.2
Kepler-605 b,51.2
Kepler-1149 b,51.2
Kepler-1218 b,51.2
Kepler-1310 b,51.2
Kepler-1245 b,51.2
TOI-237 b,51.2
Kepler-1245 c,51.2
Kepler-1905 b,51.078531999999996
Kepler-1335 b,51.0
Kepler-361 b,51.0
Kepler-280 b,51.0
Kepler-375 b,51.0
Kepler-362 c,51.0
Kepler-936 b,51.0
GJ 411 b,51.0
Kepler-1226 b,51.0
Kepler-1834 b,50.81233199999999
Kepler-1528 b,50.8
Kepler-515 b,50.8
Kepler-168 b,50.8
Kepler-808 b,50.8
Kepler-1355 b,50.8
Kepler-389 c,50.8
Kepler-1039 b,50.8
Kepler-1439 b,50.8
Kepler-355 b,50.8
Kepler-366 b,50.8
Kepler-157 d,50.8
Kepler-402 e,50.8
Kepler-1019 b,50.8
Kepler-1091 b,50.8
Kepler-1108 b,50.8
Kepler-190 c,50.8
Kepler-1362 b,50.75000000000001
HD 93963 A b,50.6091264
Kepler-1564 b,50.6
Kepler-1431 b,50.6
Kepler-137 b,50.6
Kepler-1622 b,50.6
Kepler-292 c,50.6
Kepler-909 b,50.6
Kepler-777 b,50.6
Kepler-1991 b,50.6
Kepler-1198 b,50.6
Kepler-1485 b,50.6
Kepler-1142 b,50.6
Kepler-1759 b,50.56
Kepler-737 b,50.550000000000004
K2-147 b,50.5427988
Kepler-1901 b,50.516218599999995
Kepler-1826 b,50.4961768
TOI-540 b,50.44
TOI-1685 b,50.415000000000006
Kepler-123 c,50.4
Kepler-218 b,50.4
Kepler-975 b,50.4
Kepler-208 e,50.4
Kepler-1050 c,50.4
Kepler-1271 b,50.4
Kepler-1275 b,50.4
Kepler-760 c,50.4
Kepler-991 b,50.273333333333326
Kepler-1882 b,50.265119199999994
Kepler-1073 d,50.245810199999994
Kepler-1841 b,50.217488599999996
Kepler-1614 b,50.2
Kepler-1492 b,50.2
Kepler-1582 b,50.2
L 98-59 e,50.2
Kepler-1256 b,50.2
Kepler-1063 b,50.2
Kepler-400 c,50.2
Kepler-174 c,50.2
Kepler-898 b,50.2
TOI-1807 b,50.0636834
Kepler-446 b,50.0
Kepler-598 b,50.0
Kepler-154 f,50.0
Kepler-246 c,50.0
Kepler-154 e,50.0
Kepler-207 c,50.0
Kepler-1005 b,50.0
Kepler-273 b,50.0
Kepler-180 b,50.0
TOI-771 c,50.0
Kepler-915 b,50.0
Kepler-20 f,49.99999999999999
Kepler-1968 b,49.9991932
Kepler-394 d,49.9866372
Kepler-1398 b,49.96000000000001
Kepler-389 b,49.8
Kepler-828 b,49.8
Kepler-1209 b,49.8
Kepler-138 d,49.8
Kepler-1194 b,49.8
Kepler-1191 b,49.8
Kepler-1491 b,49.8
Kepler-194 b,49.8
Kepler-138 c,49.8
Kepler-205 b,49.8
Kepler-1324 b,49.8
Kepler-249 c,49.8
Kepler-1885 b,49.777889
Kepler-1809 b,49.74
Kepler-1932 b,49.703556400000004
Kepler-1913 b,49.62958819999999
Kepler-1853 b,49.6275456
Kepler-1483 b,49.6
Kepler-1257 b,49.6
Kepler-1220 b,49.6
Kepler-886 b,49.6
Kepler-1571 b,49.6
Kepler-1586 b,49.6
Kepler-306 b,49.6
Kepler-348 b,49.6
Kepler-1289 b,49.6
Kepler-1891 b,49.57216879999999
Kepler-1950 b,49.4607302
Kepler-1930 b,49.4088918
Kepler-1988 b,49.4
Kepler-1557 b,49.4
GJ 740 b,49.4
Kepler-198 d,49.4
Kepler-758 e,49.4
Kepler-120 c,49.4
Kepler-228 b,49.4
Kepler-147 b,49.4
Kepler-825 b,49.4
Kepler-1356 b,49.4
Kepler-895 b,49.2
Kepler-1287 b,49.2
Kepler-1592 b,49.2
Kepler-337 b,49.2
Kepler-1006 b,49.2
Kepler-1228 b,49.2
Kepler-274 b,49.2
Kepler-1805 b,49.099417
K2-138 b,49.05
Kepler-1940 b,48.978506200000005
Kepler-1943 b,48.8761622
Kepler-195 c,48.85
Kepler-1254 b,48.85
Kepler-1165 b,48.85
Kepler-55 e,48.85
Kepler-364 b,48.85
Kepler-1064 b,48.85
Kepler-1295 b,48.85
Kepler-1282 b,48.85
Kepler-1466 b,48.85
Kepler-132 d,48.85
Kepler-784 c,48.85
Kepler-255 b,48.85
Kepler-1899 b,48.8303416
Kepler-10 b,48.8
K2-136 d,48.699999999999996
HD 260655 c,48.665000000000006
HD 109286 b,48.47
Kepler-1317 b,48.425000000000004
Kepler-1426 b,48.425000000000004
Kepler-309 b,48.425000000000004
Kepler-190 b,48.425000000000004
Kepler-1433 b,48.425000000000004
Kepler-1501 b,48.425000000000004
Kepler-402 c,48.425000000000004
Kepler-303 b,48.4
Kepler-1408 b,48.4
Kepler-1173 b,48.4
Kepler-865 c,48.4
Kepler-1352 b,48.4
Kepler-1637 b,48.4
Kepler-1027 b,48.4
Kepler-387 c,48.4
Kepler-1560 b,48.4
Kepler-353 b,48.4
K2-3 c,48.36
Kepler-1699 b,48.06577519999999
Kepler-439 b,48.03333333333333
Kepler-730 c,47.9398
Kepler-1181 b,47.925000000000004
Kepler-974 b,47.925000000000004
Kepler-356 b,47.925000000000004
Kepler-823 b,47.925000000000004
Kepler-542 b,47.925000000000004
Kepler-220 c,47.925000000000004
Kepler-2000 c,47.925000000000004
Kepler-236 b,47.925000000000004
Kepler-1865 b,47.6377856
Kepler-1001 c,47.6151442
Kepler-1523 b,47.5
Kepler-784 b,47.5
Kepler-1072 b,47.5
Kepler-1346 b,47.5
Kepler-1633 b,47.5
Kepler-386 c,47.5
Kepler-111 b,47.5
Kepler-445 b,47.5
Kepler-1859 b,47.362285
Kepler-23 b,47.24
Kepler-1131 b,47.075
Kepler-504 b,47.075
Kepler-928 b,47.075
Kepler-55 d,47.075
Kepler-370 b,47.075
Kepler-1174 b,47.075
Kepler-55 f,47.075
Kepler-200 c,47.075
Kepler-382 c,47.075
Kepler-256 b,47.075
Kepler-398 d,46.9
Kepler-1416 b,46.9
Kepler-362 b,46.9
Kepler-342 e,46.9
Kepler-128 c,46.730000000000004
Kepler-1804 b,46.7268548
Kepler-1743 b,46.6725986
Kepler-1069 b,46.575
Kepler-1050 b,46.575
Kepler-842 b,46.575
Kepler-394 b,46.575
Kepler-1277 b,46.575
Kepler-1065 c,46.575
Kepler-994 b,46.575
Kepler-97 b,46.575
Kepler-1702 b,46.46184139999999
Gliese 12 b,46.308333333333316
Kepler-1690 b,46.25
Kepler-1048 b,46.15
Kepler-1555 b,46.15
Kepler-1322 b,46.15
Kepler-1610 b,46.15
Kepler-1620 b,46.15
Kepler-296 b,46.15
Kepler-1584 b,46.15
Kepler-149 c,46.15
Kepler-1448 b,46.15
Kepler-140 b,46.15
Kepler-416 d,46.15
Kepler-139 d,46.099999999999994
Kepler-1749 b,46.0146434
HD 108236 b,45.9
Kepler-1961 b,45.749384000000006
Kepler-1840 b,45.666666666666664
Kepler-128 b,45.655
Kepler-1207 b,45.65
Kepler-992 b,45.65
Kepler-1400 b,45.65
Kepler-750 c,45.65
Kepler-1599 b,45.65
Kepler-864 c,45.65
Kepler-215 b,45.65
Kepler-213 b,45.65
Kepler-744 b,45.65
Kepler-1900 b,45.512064800000005
Kepler-607 b,45.4
Kepler-1152 b,45.4
Kepler-1542 d,45.4
Kepler-1031 b,45.4
Kepler-1873 b,45.3852378
Kepler-1907 b,45.339999999999996
TOI-1452 b,45.24333333333333
Kepler-633 b,45.225
Kepler-658 b,45.225
Kepler-319 b,45.225
Kepler-202 b,45.225
Kepler-866 b,45.225
Kepler-208 b,45.225
Kepler-1079 b,45.225
Kepler-253 b,45.225
Kepler-1269 b,45.225
Kepler-1890 b,45.21999999999999
Kepler-1040 b,45.15
Kepler-1554 b,45.0
HD 191939 g,45.0
Kepler-1593 b,45.0
TOI-1338 b,45.0
Kepler-967 c,45.0
Kepler-1545 b,44.786666666666676
TOI-238 b,44.76
Kepler-1428 b,44.725
Kepler-130 d,44.725
Kepler-331 d,44.725
Kepler-764 b,44.725
Kepler-1073 c,44.725
Kepler-1281 b,44.725
Kepler-247 b,44.725
Kepler-262 c,44.725
Kepler-205 c,44.725
Kepler-1136 b,44.725
Kepler-1206 b,44.725
Kepler-46 d,44.725
Kepler-1530 b,44.725
Kepler-441 b,44.725
Kepler-508 b,44.725
Kepler-179 b,44.725
Kepler-365 c,44.725
Kepler-1090 b,44.66666666666667
Kepler-26 e,44.336666666666666
Kepler-1530 c,44.3
Kepler-611 b,44.3
Kepler-1330 b,44.3
Kepler-1106 b,44.3
Kepler-360 b,44.3
Kepler-400 b,44.3
Kepler-1488 c,44.1936502
Kepler-1816 b,44.166205999999995
Kepler-1687 b,44.0252236
Kepler-1636 b,44.0
TOI-1416 b,43.99999999999999
Kepler-1435 b,43.96
Kepler-1361 b,43.96
Kepler-290 d,43.96
Kepler-388 c,43.96
Kepler-605 c,43.96
Kepler-1258 b,43.96
Kepler-352 b,43.96
Kepler-520 b,43.875
Kepler-1859 c,43.875
Kepler-1291 b,43.875
Kepler-1464 b,43.875
Kepler-1977 b,43.875
Kepler-1342 b,43.875
Kepler-379 b,43.875
Kepler-394 c,43.875
Kepler-1497 b,43.875
Kepler-1418 b,43.875
Kepler-36 b,43.815
Kepler-1838 b,43.790115
Kepler-1097 b,43.666666666666664
LHS 1140 b,43.4
Kepler-1143 b,43.375
Kepler-322 c,43.375
Kepler-288 b,43.375
Kepler-1480 b,43.375
Kepler-300 b,43.375
Kepler-1252 b,43.375
Kepler-763 d,43.375
Kepler-1476 b,43.375
Kepler-1123 b,43.375
Kepler-1802 b,43.355
Kepler-107 b,43.279999999999994
Kepler-167 c,43.220000000000006
Kepler-323 b,43.13000000000001
Kepler-114 b,43.05
Kepler-1996 c,43.03333333333333
HD 23472 d,43.00000000000001
Kepler-1058 b,43.00000000000001
Kepler-1449 b,42.95
Kepler-1511 b,42.95
Kepler-778 b,42.95
Kepler-1401 b,42.95
Kepler-851 b,42.95
Kepler-1391 b,42.95
Kepler-795 b,42.95
Kepler-844 b,42.95
Kepler-188 b,42.95
Kepler-1569 b,42.95
Kepler-1266 c,42.945207599999996
Kepler-501 c,42.8510522
Kepler-1969 b,42.842799799999995
Kepler-1385 b,42.58
Kepler-758 c,42.449999999999996
Kepler-1166 b,42.449999999999996
Kepler-619 c,42.449999999999996
Kepler-853 b,42.449999999999996
Kepler-269 c,42.449999999999996
Kepler-1148 b,42.449999999999996
Kepler-372 d,42.449999999999996
Kepler-674 b,42.449999999999996
Kepler-968 c,42.449999999999996
PH2 b,42.44999999999999
Kepler-298 d,42.35
Kepler-414 b,42.05
Kepler-848 b,42.025
Kepler-341 c,42.025
Kepler-1210 b,42.025
Kepler-1115 b,42.025
Kepler-311 b,42.025
Kepler-1320 b,42.025
Kepler-1138 b,42.025
Kepler-830 b,42.025
Kepler-1893 b,41.763510999999994
K2-36 b,41.650000000000006
GJ 9827 b,41.6
Kepler-1046 b,41.525
Kepler-1002 b,41.525
Kepler-1336 c,41.525
Kepler-401 b,41.525
Kepler-1167 b,41.525
Kepler-1661 b,41.5
Kepler-1818 b,41.3778632
Kepler-160 b,41.275
Kepler-1713 b,41.240293
Kepler-126 b,41.220542125
Kepler-1507 b,41.2
Kepler-1579 b,41.2
Kepler-167 b,41.14
Kepler-65 d,41.050000000000004
Kepler-404 c,41.025
Kepler-514 b,41.025
Kepler-927 b,41.025
Kepler-1397 b,41.025
Kepler-317 c,41.025
Kepler-725 c,41.0
Kepler-1153 b,40.6
Kepler-1070 b,40.6
Kepler-1059 b,40.6
Kepler-1350 c,40.6
Kepler-1126 b,40.6
Kepler-166 d,40.6
Kepler-327 d,40.6
Kepler-1608 b,40.6
Kepler-1468 b,40.6
Kepler-1522 b,40.6
Kepler-1478 b,40.6
Kepler-1341 b,40.5
Kepler-1856 b,40.3604264
Kepler-100 d,40.198049999999995
Kepler-260 c,40.1
Kepler-615 b,40.1
Kepler-918 b,40.1
Kepler-1375 b,40.1
Kepler-33 b,40.1
GJ 3988 b,40.025
Kepler-1601 b,40.0
Kepler-910 b,40.0
Kepler-388 b,40.0
Kepler-1581 b,40.0
Kepler-1402 b,40.0
Kepler-1864 b,40.0
Kepler-1619 b,40.0
Kepler-1611 b,40.0
Kepler-390 b,40.0
Kepler-390 c,40.0
Kepler-1566 b,40.0
Kepler-1563 b,40.0
Kepler-1446 b,40.0
Kepler-1542 b,40.0
Kepler-1076 b,40.0
Kepler-1588 b,40.0
Kepler-1628 b,40.0
Kepler-1235 b,40.0
Kepler-1130 b,40.0
Kepler-1067 b,40.0
Kepler-220 b,40.0
Kepler-1130 c,40.0
L 98-59 b,40.0
Kepler-1542 e,40.0
TRAPPIST-1 h,40.0
Kepler-85 d,40.0
Kepler-1982 b,40.0
Kepler-352 d,40.0
Kepler-431 b,40.0
Kepler-783 b,40.0
Kepler-1412 b,40.0
Kepler-314 b,40.0
Kepler-378 b,40.0
Kepler-1393 b,40.0
Kepler-653 c,40.0
Kepler-1222 b,40.0
Kepler-1395 b,40.0
Kepler-1141 b,40.0
Kepler-1365 c,40.0
Kepler-1629 b,40.0
Kepler-1067 c,39.8135144
Kepler-301 d,39.675
Kepler-215 e,39.675
Kepler-1100 b,39.675
Kepler-1243 b,39.675
Kepler-1516 b,39.675
Kepler-347 c,39.675
Kepler-124 c,39.675
Kepler-1279 b,39.675
Kepler-430 c,39.675
Kepler-939 b,39.675
Kepler-403 c,39.675
Kepler-1963 b,39.6622138
TOI-1799 b,39.660000000000004
Kepler-1552 b,39.64333333333334
HD 219134 c,39.58
HD 23472 c,39.525
Kepler-80 e,39.525
Kepler-444 f,39.459999999999994
Kepler-1869 c,39.4
Kepler-345 b,39.4
Kepler-125 c,39.4
L 168-9 b,39.375
Kepler-437 b,39.25000000000001
Kepler-916 b,39.175
Kepler-888 b,39.175
Kepler-755 b,39.175
Kepler-1814 c,39.175
Kepler-1062 b,39.175
Kepler-1313 b,39.175
Kepler-133 b,39.175
Kepler-1846 b,39.0242348
Kepler-1967 b,38.8135462
Kepler-1371 b,38.800000000000004
Kepler-124 b,38.800000000000004
Kepler-1465 b,38.75
Kepler-904 b,38.75
Kepler-1189 b,38.75
Kepler-822 b,38.75
Kepler-1260 b,38.75
Kepler-294 b,38.75
Kepler-1489 b,38.75
TOI-5713 b,38.75
Kepler-286 e,38.75
Kepler-321 b,38.75
Kepler-215 c,38.75
Kepler-206 c,38.75
Kepler-270 c,38.75
Kepler-1850 b,38.745797800000005
Kepler-1881 b,38.33333333333333
Kepler-1003 b,38.25
Kepler-371 c,38.25
Kepler-883 b,38.25
Kepler-881 b,38.25
Kepler-850 b,38.25
Kepler-1645 b,38.25
Kepler-1559 b,38.2
Barnard b,38.2
GJ 3929 c,38.03333333333334
Kepler-1038 b,38.013333333333335
Kepler-59 b,38.000000000000014
Kepler-93 b,37.99
HN Lib b,37.940000000000005
Kepler-204 c,37.75
Kepler-1585 b,37.75
Kepler-376 c,37.75
Kepler-768 b,37.75
K2-104 b,37.75
Kepler-366 c,37.75
Kepler-769 c,37.75
Kepler-1339 b,37.6
Kepler-305 e,37.598694
Kepler-1794 b,37.5897448
Kepler-140 c,37.324999999999996
Kepler-1353 b,37.324999999999996
Kepler-148 b,37.324999999999996
Kepler-1327 b,37.324999999999996
K2-266 c,37.3
Kepler-267 d,37.25
Kepler-1954 b,37.2028132
Kepler-1349 b,37.0
TOI-286 c,37.0
Kepler-378 c,37.0
Kepler-60 b,36.875
Kepler-356 c,36.824999999999996
Kepler-1162 c,36.824999999999996
Kepler-135 b,36.824999999999996
Kepler-1884 b,36.593643799999995
TOI-260 b,36.574999999999996
Kepler-1052 c,36.56666666666667
Kepler-54 c,36.40919999999999
Kepler-141 b,36.4
Kepler-331 b,36.324999999999996
Kepler-1292 b,36.324999999999996
Kepler-772 b,36.324999999999996
Kepler-1225 b,36.324999999999996
Kepler-1413 b,36.324999999999996
Kepler-771 b,36.324999999999996
Kepler-1262 b,36.324999999999996
Kepler-2001 c,36.324999999999996
Kepler-1751 b,36.1665244
LHS 1678 b,36.1
Kepler-1938 b,35.934214600000004
GJ 251 b,35.9
Kepler-1479 b,35.824999999999996
Kepler-1089 b,35.824999999999996
Kepler-110 b,35.824999999999996
Kepler-1181 c,35.824999999999996
Kepler-638 b,35.824999999999996
Kepler-1558 b,35.800000000000004
Kepler-1691 b,35.655803
Kepler-60 c,35.625
Kepler-1892 b,35.533412399999996
Kepler-887 b,35.4
Kepler-825 c,35.4
Kepler-357 b,35.4
Kepler-354 b,35.4
Kepler-1125 b,35.4
Kepler-331 c,35.4
Kepler-1251 b,35.4
Kepler-1370 b,35.4
Kepler-274 c,35.4
Kepler-225 c,35.4
Kepler-1651 b,35.4
Kepler-1344 b,35.4
Kepler-48 b,35.35
Kepler-1315 c,35.1702234
Kepler-431 c,35.08
K2-141 b,35.025
Kepler-1539 b,34.913333333333334
HD 219134 b,34.91
Kepler-641 b,34.9
Kepler-202 c,34.9
Kepler-341 d,34.9
Kepler-1135 b,34.9
Kepler-217 c,34.9
Kepler-948 b,34.9
Kepler-1509 b,34.9
Kepler-1827 b,34.6211416
Kepler-271 d,34.6
G 9-40 b,34.5
TOI-836 b,34.445
Kepler-1463 b,34.4
Kepler-299 d,34.4
Kepler-265 b,34.4
Kepler-191 c,34.4
Kepler-529 b,34.4
Kepler-80 d,34.4
Kepler-1488 b,34.4
TOI-712 d,34.36666666666665
Kepler-1542 c,34.0
Kepler-1351 b,34.0
Kepler-299 e,33.9
Kepler-824 b,33.9
Kepler-1032 b,33.9
Kepler-1280 b,33.9
HD 136352 b,33.82000000000001
Kepler-1683 b,33.7294476
Kepler-1130 d,33.6833638
Kepler-1221 b,33.475
Kepler-1305 b,33.475
Kepler-291 c,33.475
Kepler-710 b,33.475
Kepler-1644 b,33.475
Kepler-1382 b,33.475
Kepler-137 c,33.475
Kepler-1471 c,33.475
Kepler-1454 b,33.475
Kepler-1371 c,33.4
GJ 887 b,33.4
Kepler-1852 b,33.127881599999995
Kepler-236 c,33.050000000000004
TOI-2134 c,33.00000000000001
TOI-1347 c,32.99999999999999
Kepler-1917 b,32.9807424
Kepler-634 b,32.975
Kepler-171 d,32.975
Kepler-1534 b,32.975
Kepler-371 b,32.975
Kepler-399 d,32.975
Kepler-1986 b,32.975
Kepler-311 d,32.550000000000004
GJ 9827 d,32.49999999999999
Kepler-1596 b,32.475
Kepler-1472 b,32.475
Kepler-196 b,32.475
Kepler-601 b,32.475
Kepler-1078 b,32.475
Kepler-1177 b,32.475
Kepler-158 c,32.475
Kepler-1669 c,32.4508056
Kepler-1877 b,32.44516
TOI-286 b,32.24999999999999
Kepler-196 d,32.08333333333333
Kepler-1283 b,31.975000000000005
TOI-451 b,31.975000000000005
Kepler-524 b,31.975000000000005
Kepler-753 b,31.975000000000005
Kepler-1121 b,31.975000000000005
Kepler-917 b,31.975000000000005
Kepler-1306 b,31.975000000000005
Kepler-370 c,31.975000000000005
HR 858 c,31.919999999999998
Kepler-315 c,31.913333333333334
HD 3167 b,31.825000000000003
TOI-2096 c,31.819999999999997
HD 3167 d,31.625000000000004
Kepler-1087 b,31.6
Kepler-1388 e,31.499999999999993
Kepler-1119 b,31.475
Kepler-1987 e,31.475
Kepler-1250 b,31.475
EPIC 211822797 b,31.475
Ross 176 b,31.424999999999997
Kepler-1711 b,31.339999999999996
TOI-1235 b,31.2
Kepler-1745 b,31.075415800000002
Kepler-329 c,31.05
K2-35 c,31.05
Kepler-810 b,31.05
Kepler-946 b,31.05
Kepler-878 b,31.05
Kepler-1238 b,31.05
Kepler-1232 b,31.05
Kepler-298 c,31.05
Kepler-1343 b,31.05
Kepler-1583 b,31.0
Kepler-1998 b,31.0
Kepler-712 c,30.959999999999997
Kepler-50 b,30.8
KOI-1831 d,30.625000000000007
Kepler-1348 b,30.55
Kepler-1384 b,30.55
Kepler-804 b,30.55
Kepler-1600 c,30.4336976
K2-199 b,30.4
Kepler-1839 b,30.062482000000003
Kepler-653 b,30.049999999999997
Kepler-1093 b,30.049999999999997
Kepler-330 c,30.049999999999997
KOI-1599.01,30.000000000000004
Kepler-406 c,30.0
Kepler-345 c,30.0
Kepler-102 d,30.0
Kepler-1876 b,30.0
Kepler-37 c,30.0
Kepler-1972 c,30.0
Kepler-1972 b,30.0
LHS 1678 c,30.0
HD 20329 b,29.849999999999994
HD 235088 b,29.7904
HD 15337 b,29.599999999999998
Kepler-1923 b,29.5583642
Kepler-1392 b,29.549999999999997
Kepler-298 b,29.549999999999997
Kepler-523 b,29.549999999999997
Kepler-342 c,29.549999999999997
Kepler-349 c,29.549999999999997
Kepler-174 b,29.549999999999997
Kepler-1460 b,29.549999999999997
Kepler-792 b,29.549999999999997
Kepler-1127 b,29.549999999999997
Kepler-973 b,29.549999999999997
Kepler-1093 c,29.549999999999997
Kepler-118 b,29.549999999999997
Kepler-1556 b,29.549999999999997
TOI-1634 b,29.54
Kepler-1857 b,29.536917600000002
Kepler-174 d,29.4
HD 25463 c,29.354009400000002
Kepler-60 d,29.250000000000004
Kepler-683 b,29.049999999999997
Kepler-224 e,29.049999999999997
Kepler-962 b,29.049999999999997
Kepler-347 b,29.049999999999997
K2-126 b,29.049999999999997
Kepler-1133 b,29.049999999999997
Kepler-1831 b,29.046036400000002
TOI-776 b,29.04
K2-111 b,28.599999999999998
Kepler-1025 b,28.549999999999997
Kepler-1336 b,28.549999999999997
Kepler-1061 b,28.549999999999997
Kepler-273 c,28.549999999999997
Kepler-996 b,28.549999999999997
Kepler-1634 b,28.52
Kepler-1705 b,28.408825
WASP-132 c,28.18
Kepler-1217 b,28.049999999999997
Kepler-243 c,28.049999999999997
Kepler-1144 b,28.049999999999997
Kepler-1180 b,28.049999999999997
Kepler-625 b,28.049999999999997
Kepler-646 b,28.049999999999997
Kepler-872 b,28.049999999999997
Kepler-1457 b,28.049999999999997
Kepler-526 b,28.049999999999997
Kepler-1017 b,28.049999999999997
Kepler-181 c,28.049999999999997
Kepler-341 e,28.049999999999997
Kepler-142 b,28.049999999999997
Kepler-136 c,28.049999999999997
Kepler-350 b,27.999999999999996
Kepler-1928 b,27.935
K2-21 b,27.900000000000002
Kepler-397 c,27.833333333333332
Kepler-444 e,27.76
Kepler-1111 b,27.549999999999997
Kepler-261 c,27.549999999999997
Kepler-242 c,27.549999999999997
Kepler-801 b,27.549999999999997
Kepler-968 b,27.549999999999997
Kepler-578 b,27.549999999999997
Kepler-134 b,27.549999999999997
Kepler-179 c,27.549999999999997
Kepler-579 b,27.549999999999997
Kepler-529 c,27.549999999999997
Kepler-896 b,27.516666666666666
K2-216 b,27.500000000000007
55 Cnc e,27.500000000000004
L 98-59 d,27.460000000000008
Kepler-42 b,27.35664
Kepler-260 b,27.249999999999996
Kepler-1105 b,27.249999999999996
Kepler-754 b,27.249999999999996
Kepler-1404 b,27.249999999999996
Kepler-280 c,27.249999999999996
Kepler-415 c,27.249999999999996
Kepler-270 b,27.249999999999996
TOI-4364 b,27.249999999999996
Kepler-903 b,27.249999999999996
Kepler-1503 b,27.249999999999996
KOI-1599.02,27.0
TOI-1695 b,27.0
Kepler-343 c,26.949999999999996
Kepler-833 b,26.949999999999996
Kepler-185 c,26.949999999999996
Kepler-1422 b,26.949999999999996
Kepler-1626 b,26.949999999999996
Kepler-834 b,26.949999999999996
TOI-2088 b,26.933666666666678
Kepler-444 d,26.8
Kepler-1268 b,26.649999999999995
Kepler-195 b,26.649999999999995
Kepler-1155 b,26.649999999999995
Kepler-1461 b,26.649999999999995
Kepler-761 b,26.649999999999995
K2-117 b,26.649999999999995
TOI-784 b,26.400000000000002
Kepler-845 b,26.349999999999994
Kepler-230 c,26.349999999999994
Kepler-1122 b,26.349999999999994
Kepler-365 b,26.349999999999994
Kepler-1308 b,26.200000000000003
TOI-712 b,26.125000000000004
Kepler-363 d,26.049999999999997
Kepler-1958 b,26.049999999999997
Kepler-868 b,26.049999999999997
Kepler-337 c,26.049999999999997
K2-321 b,26.049999999999997
Kepler-235 d,26.049999999999997
Kepler-244 c,26.049999999999997
EPIC 249893012 b,26.0
Kepler-449 b,25.900000000000002
HD 48948 b,25.900000000000002
HD 110113 b,25.874999999999996
Kepler-183 b,25.749999999999996
Kepler-913 b,25.749999999999996
Kepler-832 b,25.749999999999996
Kepler-377 c,25.749999999999996
Kepler-958 b,25.749999999999996
K2-117 c,25.749999999999996
Kepler-1615 b,25.749999999999996
Kepler-1879 b,25.6
Kepler-1837 b,25.6
Kepler-184 c,25.6
Kepler-1994 b,25.6
Kepler-1679 b,25.525000000000002
Kepler-1396 b,25.449999999999996
Kepler-1092 b,25.449999999999996
Kepler-988 b,25.449999999999996
HD 108236 c,25.449999999999996
Kepler-477 b,25.449999999999996
Kepler-969 b,25.449999999999996
Kepler-654 b,25.449999999999996
Kepler-54 d,25.400000000000006
pi Men c,25.249999999999993
TOI-733 b,25.16
Kepler-1195 b,25.149999999999995
Kepler-528 b,25.149999999999995
Kepler-900 b,25.149999999999995
Kepler-237 c,25.149999999999995
Kepler-405 b,25.149999999999995
Kepler-1188 b,25.149999999999995
Kepler-1866 b,25.074999999999996
LP 791-18 c,25.05000000000001
Kepler-1020 b,25.000000000000007
Kepler-849 b,25.0
HD 106315 b,25.0
Kepler-81 b,25.0
Kepler-48 d,25.0
Kepler-106 c,25.0
V1298 Tau c,25.0
TOI-782 b,25.0
GJ 143 b,25.0
WASP-158 b,25.0
WASP-32 b,25.0
Kepler-1870 b,25.0
Kepler-106 e,25.0
Kepler-105 b,25.0
TOI-815 c,25.0
Kepler-92 d,25.0
Kepler-48 c,25.0
Kepler-244 d,25.0
Kepler-24 c,25.0
Kepler-24 b,25.0
Kepler-934 b,25.0
HATS-17 b,25.0
HATS-22 b,25.0
HD 207897 b,25.0
Kepler-111 c,25.0
Kepler-131 b,25.0
Kepler-360 c,25.0
K2-285 b,25.0
NGTS-4 b,25.0
KOI-1833 d,25.0
Kepler-310 d,25.0
Kepler-63 b,25.0
K2-21 c,25.0
K2-25 b,25.0
K2-263 b,25.0
Kepler-385 b,25.0
K2-146 b,25.0
K2-292 b,25.0
K2-3 b,25.0
Kepler-328 b,25.0
LTT 3780 c,25.0
TOI-1064 b,25.0
TOI-1062 b,25.0
TOI-1052 b,25.0
Kepler-336 c,25.0
Kepler-68 b,25.0
HD 18599 b,25.0
NGTS-20 b,25.0
HD 23472 b,25.0
HD 110113 c,25.0
Kepler-372 c,25.0
Kepler-1312 b,25.0
K2-4 b,25.0
K2-233 d,25.0
HD 207496 b,25.0
K2-222 b,25.0
Kepler-11 g,25.0
K2-66 b,25.0
Kepler-92 c,25.0
Kepler-20 d,25.0
TOI-1437 b,25.0
TOI-1451 b,25.0
Kepler-219 d,25.0
TOI-1751 b,25.0
Kepler-18 b,25.0
Kepler-602 b,25.0
HD 86226 c,25.0
HD 6061 b,25.0
K2-182 b,25.0
TOI-1470 b,25.0
Kepler-57 b,25.0
TOI-1669 c,25.0
TOI-2076 d,25.0
TOI-2076 c,25.0
TOI-1801 b,25.0
TOI-1824 b,25.0
TOI-132 b,25.0
Kepler-1610 c,25.0
TOI-1260 b,25.0
TOI-1260 c,25.0
K2-180 b,25.0
K2-138 d,25.0
HD 63433 c,25.0
TOI-1117 b,25.0
TOI-1279 b,25.0
TOI-1238 c,25.0
TOI-1246 c,25.0
HD 35843 c,25.0
Kepler-691 b,25.0
Kepler-645 b,25.0
TOI-1408 c,25.0
Kepler-10 c,25.0
TOI-2196 b,25.0
TOI-2000 b,25.0
TOI-2076 b,25.0
TOI-2458 b,25.0
Kepler-417 b,25.0
Kepler-419 b,25.0
Kepler-414 c,25.0
Kepler-19 b,25.0
TOI-1742 b,25.0
Kepler-159 c,25.0
TOI-1836 c,25.0
TOI-1753 b,25.0
HD 73583 c,25.0
K2-136 c,25.0
Kepler-279 e,25.0
Kepler-107 e,25.0
TOI-2416 b,25.0
TOI-2136 b,25.0
Kepler-155 b,25.0
HIP 97166 b,25.0
HIP 8152 c,25.0
HIP 116454 b,25.0
Kepler-1823 b,25.0
TOI-2180 b,25.0
Kepler-52 b,25.0
Kepler-57 c,25.0
Kepler-538 b,25.0
Kepler-519 b,25.0
TOI-480 b,25.0
Kepler-277 c,25.0
TOI-2141 b,25.0
Kepler-104 b,25.0
Kepler-151 c,25.0
TOI-763 b,25.0
TOI-776 c,25.0
TOI-654.01,25.0
TOI-669 b,25.0
K2-105 b,25.0
K2-110 b,25.0
HD 93963 A c,25.0
HD 95338 b,25.0
HD 97658 b,25.0
TOI-411 c,25.0
Kepler-120 b,25.0
Kepler-444 b,25.0
Kepler-444 c,25.0
TOI-406.01,25.0
TOI-3261 b,25.0
Wolf 503 b,25.0
HR 858 d,25.0
Kepler-49 b,25.0
Kepler-49 c,25.0
TOI-836 c,25.0
TOI-5800 b,25.0
EPIC 229004835 b,25.0
TOI-849 b,25.0
TOI-561 d,25.0
TOI-561 e,25.0
GJ 514 b,25.0
Kepler-1529 b,25.0
Kepler-1047 b,25.0
CoRoT-10 b,25.0
TOI-757 b,25.0
Kepler-238 c,25.0
Kepler-1750 b,24.999999999999996
Kepler-104 c,24.871374999999997
Kepler-518 b,24.5
Kepler-1484 b,24.5
Kepler-1828 b,24.5
Kepler-794 b,24.5
TOI-125 d,24.5
Kepler-1580 b,24.5
Kepler-829 b,24.5
Kepler-906 b,24.5
TOI-1238 b,24.3
Kepler-1942 b,24.250000000000004
Kepler-1880 b,24.250000000000004
HIP 8152 b,24.250000000000004
Kepler-1895 b,24.250000000000004
Kepler-101 c,24.15
Kepler-158 b,24.0
Kepler-544 b,24.0
K2-114 b,24.0
Kepler-758 d,24.0
Kepler-308 b,24.0
Kepler-814 b,24.0
Kepler-984 b,24.0
Kepler-877 b,24.0
Kepler-1219 b,24.0
Kepler-479 b,24.0
Kepler-789 b,24.0
Kepler-964 b,24.0
Kepler-49 e,23.799999999999997
Kepler-267 c,23.750000000000004
Kepler-1487 b,23.750000000000004
Kepler-1161 b,23.750000000000004
Kepler-622 b,23.750000000000004
Kepler-283 b,23.750000000000004
Kepler-1504 b,23.750000000000004
Kepler-214 c,23.750000000000004
Kepler-129 b,23.750000000000004
Kepler-942 b,23.750000000000004
Kepler-971 b,23.750000000000004
TOI-5110 b,23.750000000000004
Kepler-930 b,23.750000000000004
Kepler-238 d,23.750000000000004
Kepler-200 b,23.750000000000004
Kepler-1777 b,23.5
TOI-5027 b,23.5
WASP-43 b,23.475
Kepler-126 c,23.4
NGTS-9 b,23.250000000000004
Kepler-1212 b,23.250000000000004
Kepler-1236 b,23.250000000000004
Kepler-1403 b,23.250000000000004
Kepler-1160 b,23.250000000000004
Kepler-813 b,23.250000000000004
Kepler-114 c,23.0
Kepler-252 c,22.750000000000004
Kepler-256 c,22.750000000000004
Kepler-1286 b,22.750000000000004
Kepler-364 c,22.750000000000004
Kepler-1013 b,22.750000000000004
Kepler-1364 b,22.750000000000004
Kepler-401 c,22.750000000000004
Kepler-566 b,22.750000000000004
K2-291 b,22.720000000000002
Kepler-1474 b,22.499999999999996
HD 5278 b,22.499999999999996
Kepler-308 c,22.499999999999996
K2-199 c,22.499999999999996
Kepler-291 b,22.499999999999996
Kepler-745 b,22.499999999999996
Kepler-539 b,22.499999999999996
Kepler-1322 c,22.499999999999996
Kepler-142 d,22.499999999999996
Kepler-1621 b,22.499999999999996
Kepler-1143 c,22.439999999999998
Kepler-797 b,21.999999999999996
Kepler-1329 b,21.999999999999996
Kepler-499 b,21.999999999999996
Kepler-1009 b,21.999999999999996
Kepler-304 c,21.999999999999996
HD 136352 d,21.952700000000004
HR 858 b,21.875
K2-167 b,21.750000000000004
HD 25463 b,21.750000000000004
Kepler-250 d,21.499999999999996
Kepler-1444 b,21.499999999999996
Kepler-790 b,21.499999999999996
Kepler-1016 b,21.499999999999996
Kepler-594 b,21.499999999999996
Kepler-662 b,21.499999999999996
Kepler-732 b,21.499999999999996
Kepler-1742 b,21.499999999999996
Kepler-261 b,21.499999999999996
Kepler-577 b,21.250000000000004
K2-277 b,21.250000000000004
Kepler-1630 b,20.999999999999996
Kepler-1042 b,20.999999999999996
Kepler-1109 b,20.999999999999996
TOI-2128 b,20.750000000000004
Kepler-229 b,20.75
Kepler-1137 b,20.75
Kepler-84 f,20.75
Kepler-1378 b,20.75
Kepler-122 d,20.75
Kepler-513 b,20.75
Kepler-169 e,20.75
Kepler-100 b,20.625
Kepler-85 e,20.599999999999994
Kepler-436 b,20.516666666666666
Kepler-152 c,20.5
Kepler-1862 b,20.499999999999996
TOI-763 c,20.499999999999996
TOI-1266 c,20.375
Kepler-1980 b,20.25
Kepler-1162 b,20.25
Kepler-1861 b,20.25
K2-136 b,20.25
Kepler-862 b,20.25
Kepler-632 b,20.25
Kepler-1026 b,20.25
Kepler-1874 b,20.25
Kepler-989 b,20.25
Kepler-110 c,20.25
K2-138 c,19.999999999999996
GJ 367 b,19.919999999999995
WASP-99 b,19.75
Kepler-1609 b,19.75
Kepler-1432 b,19.75
Kepler-1151 b,19.75
Kepler-505 b,19.75
Kepler-1949 b,19.75
Kepler-938 b,19.75
Kepler-1496 b,19.75
KOI-7368 b,19.75
TOI-270 d,19.650000000000002
Kepler-84 c,19.500000000000007
Kepler-1753 b,19.499999999999996
Kepler-1782 b,19.499999999999996
Kepler-85 b,19.439999999999998
Kepler-587 b,19.25
Kepler-292 d,19.25
Kepler-1196 b,19.25
Kepler-1186 b,19.25
Kepler-235 b,19.25
Kepler-1768 b,19.25
Kepler-217 b,19.25
K2-17 b,19.25
Kepler-165 c,19.25
Kepler-11 b,18.999999999999996
Kepler-157 c,18.999999999999993
Kepler-196 c,18.999999999999993
Kepler-556 b,18.999999999999993
Kepler-534 b,18.999999999999993
TOI-1439 b,18.999999999999993
HD 15906 b,18.999999999999993
Kepler-69 b,18.999999999999993
Kepler-284 b,18.999999999999993
TOI-908 b,18.55
Kepler-272 d,18.500000000000007
Kepler-567 b,18.500000000000007
Kepler-1381 b,18.500000000000007
Kepler-300 c,18.500000000000007
Kepler-1407 b,18.500000000000007
Kepler-290 b,18.500000000000007
Kepler-172 d,18.500000000000007
Kepler-919 b,18.500000000000007
Kepler-342 b,18.500000000000007
Kepler-982 b,18.500000000000007
Kepler-467 b,18.500000000000007
Kepler-154 b,18.25
Kepler-1034 b,18.25
Kepler-1996 b,18.25
Kepler-1388 c,18.25
Kepler-1261 b,18.25
Kepler-649 b,18.25
Kepler-163 c,18.25
Kepler-209 b,18.25
TOI-220 b,18.25
Kepler-1242 b,18.25
Kepler-568 b,18.25
Kepler-1655 b,18.000000000000004
Kepler-1863 b,18.000000000000004
Kepler-28 c,17.86
Kepler-1817 b,17.75
Kepler-121 c,17.75
Kepler-306 e,17.75
Kepler-759 b,17.75
Kepler-401 d,17.75
Kepler-589 b,17.75
Kepler-166 b,17.75
Kepler-1103 b,17.75
K2-233 c,17.560000000000002
TOI-1670 b,17.500000000000004
Kepler-484 b,17.500000000000004
Kepler-861 b,17.500000000000004
Kepler-947 b,17.500000000000004
Kepler-1997 b,17.500000000000004
Kepler-191 d,17.500000000000004
Kepler-1766 b,17.500000000000004
TOI-2989 b,17.500000000000004
Kepler-250 c,17.500000000000004
Kepler-583 b,17.500000000000004
Kepler-1858 b,17.250000000000004
Kepler-1712 b,17.25
Kepler-1903 b,17.25
Kepler-350 d,17.25
Kepler-30 d,17.013333333333335
Kepler-1334 b,17.000000000000004
Kepler-960 b,17.000000000000004
Kepler-613 b,17.000000000000004
Kepler-1922 b,17.000000000000004
Kepler-1227 b,17.000000000000004
Kepler-1201 b,17.000000000000004
Kepler-1374 b,17.000000000000004
Kepler-626 b,17.000000000000004
Kepler-319 d,17.000000000000004
Kepler-1304 b,17.000000000000004
Kepler-379 c,17.000000000000004
Kepler-149 d,17.0
Kepler-169 f,16.999999999999996
Kepler-32 e,16.886425
Kepler-122 e,16.75
Kepler-1918 b,16.75
Kepler-633 c,16.75
Kepler-224 d,16.500000000000004
Kepler-621 b,16.500000000000004
Kepler-1073 b,16.500000000000004
Kepler-770 b,16.500000000000004
TOI-1244 b,16.500000000000004
TOI-2529 b,16.500000000000004
Kepler-116 c,16.500000000000004
TOI-1470 c,16.500000000000004
Kepler-156 b,16.500000000000004
WASP-105 b,16.249999999999996
Kepler-624 b,16.249999999999996
Kepler-1798 b,16.249999999999996
HD 183579 b,16.249999999999996
Kepler-926 b,16.249999999999996
K2-57 b,16.249999999999996
Kepler-981 b,16.249999999999996
Kepler-139 c,16.216537500000005
Kepler-1255 b,16.000000000000004
Kepler-1208 b,16.000000000000004
Kepler-1486 b,16.000000000000004
Kepler-1010 b,16.000000000000004
Kepler-1926 b,16.000000000000004
K2-28 b,16.000000000000004
Kepler-1787 b,16.000000000000004
Kepler-321 c,16.000000000000004
Kepler-165 b,16.000000000000004
Kepler-954 b,16.000000000000004
Kepler-998 b,16.000000000000004
Kepler-1643 b,16.000000000000004
Kepler-496 b,16.000000000000004
Kepler-1951 b,16.000000000000004
KIC 5437945 b,16.0
Kepler-21 b,15.96999999999999
Kepler-28 b,15.819999999999999
Kepler-1812 b,15.749999999999996
Kepler-1802 c,15.749999999999996
TOI-1184 b,15.749999999999996
K2-38 c,15.749999999999996
HD 213885 b,15.724999999999994
K2-38 b,15.649999999999991
Kepler-98 b,15.575000000000006
Kepler-1983 b,15.500000000000004
Kepler-241 b,15.500000000000004
Kepler-239 b,15.500000000000004
Kepler-307 b,15.500000000000004
Kepler-783 c,15.500000000000004
Kepler-1021 b,15.500000000000004
Kepler-1247 b,15.500000000000004
Kepler-436 c,15.500000000000004
TOI-1468 c,15.449999999999992
Kepler-85 c,15.440000000000001
TOI-1798.01,15.249999999999996
Kepler-999 b,15.249999999999996
Kepler-925 b,15.249999999999996
Kepler-246 b,15.249999999999996
Kepler-275 b,15.249999999999996
Kepler-171 b,15.249999999999996
KOI-7913 b,15.249999999999996
Kepler-338 c,15.249999999999996
Kepler-213 c,15.249999999999996
Kepler-1154 b,15.249999999999996
Kepler-122 b,15.249999999999996
Kepler-121 b,15.249999999999996
Kepler-1158 b,15.249999999999996
TOI-2134 b,15.175000000000004
K2-10 b,15.000000000000002
TOI-270 c,15.000000000000002
TOI-1064 c,15.0
TOI-544 b,15.0
Kepler-161 b,15.0
Kepler-83 c,15.0
Kepler-359 c,15.0
Kepler-11 c,15.0
Kepler-32 f,15.0
Kepler-54 b,15.0
Kepler-51 b,15.0
Kepler-37 d,15.0
K2-138 f,15.0
Kepler-409 b,15.0
Kepler-83 b,15.0
KOI-3503 b,15.0
Kepler-326 d,15.0
Kepler-11 f,15.0
Kepler-197 c,15.0
Kepler-359 d,15.0
KOI-3503 c,15.0
Kepler-339 c,15.0
Kepler-176 c,15.0
Kepler-176 d,15.0
Kepler-1746 b,15.0
HD 191939 d,15.0
Kepler-450 c,14.999999999999991
Kepler-351 d,14.793333333333333
Kepler-102 e,14.75
Kepler-1842 b,14.749999999999996
Kepler-292 f,14.749999999999996
Kepler-216 b,14.749999999999996
Kepler-306 c,14.749999999999996
Kepler-1132 b,14.749999999999996
Kepler-1806 b,14.749999999999996
Kepler-172 b,14.749999999999996
Kepler-256 e,14.749999999999996
Kepler-967 b,14.749999999999996
Kepler-416 c,14.749999999999996
Kepler-986 b,14.500000000000002
Kepler-1345 b,14.500000000000002
Kepler-145 c,14.500000000000002
Kepler-1022 b,14.500000000000002
Kepler-983 b,14.500000000000002
Kepler-112 b,14.500000000000002
HATS-76 b,14.500000000000002
Kepler-385 c,14.500000000000002
Kepler-184 b,14.500000000000002
Kepler-1066 b,14.500000000000002
HD 73583 b,14.500000000000002
Kepler-535 b,14.500000000000002
Kepler-1192 b,14.500000000000002
Kepler-482 b,14.500000000000002
Kepler-1154 c,14.500000000000002
Kepler-1214 b,14.500000000000002
TOI-125 b,14.249999999999996
Kepler-558 b,14.000000000000002
Kepler-125 b,14.000000000000002
Kepler-651 b,14.000000000000002
Kepler-336 d,14.000000000000002
Kepler-1159 b,14.000000000000002
Kepler-1272 b,14.000000000000002
Kepler-1309 b,14.000000000000002
Kepler-1814 b,14.000000000000002
Kepler-597 b,14.000000000000002
Kepler-507 b,13.999999999999998
Kepler-1824 b,13.749999999999996
Kepler-1071 b,13.749999999999996
Kepler-1872 b,13.749999999999996
Kepler-1788 b,13.749999999999996
Kepler-1249 b,13.749999999999996
Kepler-1060 b,13.749999999999996
Kepler-159 b,13.749999999999996
Kepler-166 c,13.749999999999996
Kepler-639 b,13.749999999999996
Kepler-1781 b,13.749999999999996
Kepler-323 c,13.600000000000001
Kepler-574 b,13.5
Kepler-614 b,13.5
Kepler-1849 b,13.5
Kepler-1014 b,13.5
Kepler-1085 b,13.5
Kepler-897 b,13.5
Kepler-798 b,13.5
Kepler-575 b,13.5
Kepler-193 b,13.5
Kepler-592 b,13.5
Kepler-254 c,13.499999999999998
HD 7924 b,13.249999999999995
TOI-1269 b,13.249999999999995
Kepler-1321 c,13.0
Kepler-666 b,13.0
Kepler-864 b,13.0
TOI-6651 b,13.0
Kepler-194 d,13.0
Kepler-112 c,13.0
HIP 113103 c,13.0
GJ 3473 c,12.783333333333328
TOI-411 b,12.76
Kepler-1182 b,12.749999999999995
Kepler-1337 b,12.749999999999995
Kepler-143 b,12.749999999999995
Kepler-20 c,12.749999999999995
Kepler-343 b,12.749999999999995
Kepler-1170 b,12.749999999999995
TOI-1075 b,12.679999999999996
Kepler-717 b,12.5
Kepler-680 b,12.5
Kepler-920 b,12.5
TOI-4562 b,12.5
HD 7924 d,12.5
GJ 3090 b,12.45
HD 136352 c,12.4417
TOI-1386 c,12.40666666666668
Kepler-1871 b,12.250000000000005
Kepler-1716 b,12.250000000000005
Kepler-176 e,12.245000000000003
Kepler-20 b,12.039999999999997
Kepler-765 b,12.0
Kepler-233 b,12.0
Kepler-1526 b,12.0
Kepler-147 c,12.0
Kepler-1739 b,12.0
Kepler-173 c,12.0
Kepler-616 b,12.0
Kepler-786 b,12.0
Kepler-1845 b,11.750000000000005
Kepler-1754 b,11.750000000000005
Kepler-1086 b,11.750000000000005
Kepler-675 b,11.750000000000005
Kepler-1491 c,11.750000000000005
WASP-8 b,11.750000000000005
KOI-3680 b,11.5
Kepler-309 c,11.499999999999998
Kepler-406 b,11.400000000000002
Kepler-1710 b,11.287936575
HD 73344 b,11.275000000000002
TOI-1201 b,11.250000000000004
Kepler-243 b,11.250000000000004
Kepler-570 b,11.250000000000004
Kepler-1176 b,11.250000000000004
Kepler-164 d,11.250000000000004
Kepler-105 c,11.200000000000001
Kepler-610 c,11.0
Kepler-397 b,10.999999999999998
Kepler-201 b,10.999999999999998
Kepler-933 b,10.999999999999998
Kepler-751 b,10.999999999999998
HD 77946 b,10.999999999999998
Kepler-269 b,10.750000000000004
Kepler-1632 b,10.750000000000004
Kepler-263 c,10.750000000000004
Kepler-1307 b,10.750000000000004
Kepler-1101 b,10.750000000000004
Kepler-510 b,10.750000000000004
Kepler-306 d,10.750000000000004
Kepler-198 c,10.750000000000004
TOI-1798.02,10.72
Kepler-23 d,10.714574999999996
Kepler-266 b,10.499999999999998
Kepler-713 b,10.499999999999998
Kepler-256 d,10.499999999999998
Kepler-1030 b,10.499999999999998
Kepler-758 b,10.499999999999998
Kepler-846 b,10.499999999999998
Kepler-1829 b,10.499999999999998
Kepler-161 c,10.425
Kepler-221 d,10.425
Kepler-99 b,10.4
Kepler-184 d,10.250000000000004
Kepler-342 d,10.250000000000004
Kepler-509 b,10.250000000000004
Kepler-475 b,10.250000000000004
Kepler-652 b,10.250000000000004
Kepler-865 b,10.250000000000004
Kepler-1946 b,10.250000000000004
Kepler-265 d,10.250000000000004
Kepler-1273 b,10.250000000000004
Kepler-307 c,10.2
Kepler-277 b,10.000000000000009
Kepler-109 c,9.999999999999998
Kepler-434 b,9.999999999999998
Kepler-1765 b,9.999999999999998
WASP-59 b,9.999999999999998
V1298 Tau d,9.999999999999998
Kepler-254 d,9.750000000000004
Kepler-672 b,9.750000000000004
Kepler-738 b,9.750000000000004
Kepler-1521 b,9.750000000000004
Kepler-885 b,9.750000000000004
Kepler-481 b,9.750000000000004
Kepler-1935 b,9.750000000000004
Kepler-1168 b,9.750000000000004
Kepler-543 b,9.750000000000004
Kepler-659 b,9.750000000000004
Kepler-289 b,9.749999999999998
Kepler-281 d,9.5
KOI-1783.02,9.5
Kepler-445 c,9.499999999999996
Kepler-1726 b,9.499999999999996
Kepler-239 c,9.499999999999996
Kepler-1033 b,9.499999999999996
Kepler-841 b,9.38666666666667
Kepler-50 c,9.38483750000001
Kepler-189 c,9.375
Kepler-59 c,9.325
Kepler-1792 b,9.250000000000004
Kepler-748 b,9.250000000000004
HD 238090 b,9.250000000000004
Kepler-1350 b,9.250000000000004
Kepler-361 c,9.250000000000004
TOI-2485 b,8.999999999999996
Kepler-338 e,8.799999999999999
Kepler-727 b,8.750000000000002
Kepler-340 b,8.750000000000002
Kepler-313 b,8.750000000000002
Kepler-204 b,8.750000000000002
K2-119 b,8.750000000000002
Kepler-903 c,8.750000000000002
Kepler-153 c,8.750000000000002
Kepler-462 b,8.749999999999991
EPIC 201595106 b,8.700000000000001
Kepler-985 b,8.5
Kepler-852 b,8.499999999999996
Kepler-902 b,8.499999999999996
WASP-130 b,8.499999999999996
HD 108236 d,8.499999999999996
Kepler-1116 b,8.499999999999996
Kepler-325 c,8.499999999999996
CoRoT-13 b,8.499999999999996
Kepler-138 b,8.4
Kepler-1211 b,8.250000000000002
Kepler-156 c,8.250000000000002
Kepler-1681 b,8.250000000000002
Kepler-961 b,8.250000000000002
Kepler-268 b,8.250000000000002
Kepler-788 b,8.250000000000002
Kepler-1043 b,8.250000000000002
Kepler-1836 b,8.250000000000002
Kepler-1535 b,8.250000000000002
Kepler-114 d,8.25
Kepler-1567 b,8.249999999999998
Kepler-33 d,8.174999999999999
Kepler-107 c,8.059999999999999
Kepler-976 b,8.0
Kepler-49 d,7.999999999999997
Kepler-837 b,7.9999999999999964
Kepler-171 c,7.9999999999999964
Kepler-640 b,7.9999999999999964
Kepler-175 b,7.9999999999999964
Kepler-25 b,7.9999999999999964
HD 63935 b,7.9999999999999964
Kepler-83 d,7.950000000000003
Kepler-203 b,7.750000000000002
Kepler-532 b,7.750000000000002
Kepler-580 b,7.750000000000002
TOI-3593 b,7.750000000000002
Kepler-313 c,7.750000000000002
Kepler-879 b,7.750000000000002
Kepler-839 b,7.750000000000002
Kepler-660 b,7.750000000000002
Kepler-1718 b,7.750000000000002
Kepler-1758 b,7.750000000000002
Kepler-1991 c,7.750000000000002
Kepler-241 c,7.750000000000002
HD 15337 c,7.574999999999998
Kepler-1548 b,7.536666666666665
Kepler-51 c,7.5
Kepler-1868 b,7.5
Kepler-572 b,7.499999999999996
Kepler-182 b,7.499999999999996
Kepler-500 b,7.499999999999996
Kepler-245 c,7.499999999999996
Kepler-1685 b,7.499999999999996
Kepler-1639 b,7.499999999999996
TOI-1410.01,7.499999999999996
Kepler-1266 b,7.499999999999996
Kepler-1018 b,7.499999999999996
Kepler-461 b,7.499999999999996
Kepler-411 d,7.499999999999996
Kepler-1886 b,7.250000000000001
Kepler-1854 b,7.250000000000001
Kepler-9 d,7.200000000000002
TOI-1231 b,7.0666666666666575
Kepler-1086 c,7.020000000000001
TOI-1696 b,7.000000000000006
Kepler-1036 b,7.000000000000001
Kepler-1821 b,6.999999999999995
Kepler-1388 b,6.999999999999995
WASP-53 b,6.999999999999995
Kepler-843 b,6.999999999999995
Kepler-194 c,6.999999999999995
Kepler-265 e,6.999999999999995
Kepler-604 b,6.999999999999995
TOI-269 b,6.999999999999995
Kepler-79 e,6.750000000000002
TOI-700 c,6.75
Kepler-911 b,6.75
Kepler-663 b,6.75
Kepler-84 e,6.75
Kepler-618 b,6.75
HD 48948 c,6.75
Kepler-1233 b,6.75
Kepler-665 b,6.75
K2-90 b,6.75
Kepler-115 c,6.75
Kepler-990 b,6.75
Kepler-867 b,6.5
Kepler-214 b,6.499999999999995
TOI-2384 b,6.499999999999995
Kepler-257 b,6.499999999999995
K2-54 b,6.499999999999995
Kepler-1187 b,6.499999999999995
Kepler-344 b,6.499999999999995
Kepler-704 b,6.499999999999995
Kepler-1776 b,6.499999999999995
Kepler-1147 b,6.499999999999995
Kepler-284 c,6.499999999999995
GJ 1214 b,6.499999999999995
Kepler-242 b,6.499999999999995
Kepler-970 b,6.499999999999995
Kepler-96 b,6.499999999999995
Kepler-215 d,6.25
Kepler-1916 b,6.25
Kepler-977 b,6.25
Kepler-385 d,6.25
TOI-1448 b,6.125000000000003
Kepler-944 b,6.000000000000005
Kepler-265 c,6.000000000000005
Kepler-1919 b,6.000000000000005
Kepler-581 b,6.000000000000005
Kepler-1023 b,6.000000000000005
Kepler-722 b,6.000000000000005
Kepler-319 c,6.000000000000005
Kepler-1321 d,6.000000000000005
Kepler-945 b,6.000000000000005
Kepler-1054 b,6.000000000000005
Kepler-525 b,6.000000000000005
Kepler-1241 b,6.000000000000005
Kepler-588 b,6.000000000000005
Kepler-32 d,6.0
KOI-94 b,5.800000000000001
Kepler-221 b,5.800000000000001
Kepler-127 d,5.75
Kepler-1134 b,5.75
Kepler-721 b,5.75
Kepler-454 b,5.75
TOI-1130 b,5.75
Kepler-571 b,5.75
Kepler-635 b,5.75
Kepler-1941 b,5.500000000000005
Kepler-375 c,5.500000000000005
Kepler-253 c,5.500000000000005
Kepler-299 c,5.500000000000005
Kepler-1822 b,5.500000000000005
Kepler-603 b,5.500000000000005
K2-108 b,5.500000000000005
Kepler-1931 b,5.500000000000005
Kepler-1700 b,5.5
Kepler-1678 b,5.5
HD 28109 b,5.499999999999994
Kepler-231 b,5.4
Kepler-81 c,5.250000000000001
K2-266 e,5.249999999999999
Kepler-664 b,5.249999999999999
Kepler-127 c,5.249999999999999
Kepler-1924 b,5.249999999999999
Kepler-1642 c,5.249999999999999
Kepler-1110 b,5.249999999999999
Kepler-1102 b,5.249999999999999
KOI-351 e,5.249999999999999
Kepler-880 b,5.249999999999999
Kepler-963 b,5.249999999999999
Kepler-218 d,5.249999999999999
Kepler-616 d,5.249999999999999
Kepler-1551 b,5.249999999999999
Kepler-346 b,5.249999999999999
Kepler-1987 d,5.249999999999999
TOI-1347 b,5.249999999999995
K2-138 g,5.099999999999998
TOI-4010 b,5.000000000000004
Kepler-1978 b,5.000000000000004
Kepler-357 c,5.000000000000004
Kepler-263 b,5.000000000000004
Kepler-1044 b,5.000000000000004
Kepler-980 b,5.000000000000004
Kepler-557 b,5.000000000000004
Kepler-1453 b,5.000000000000004
Kepler-187 c,5.000000000000004
Kepler-937 c,5.000000000000004
Kepler-517 b,5.000000000000004
Kepler-292 e,5.000000000000004
Kepler-288 d,5.000000000000004
Kepler-52 d,5.000000000000001
Kepler-1533 b,5.0
Kepler-899 b,4.5000000000000036
HAT-P-31 b,4.5000000000000036
Kepler-561 c,4.5000000000000036
Kepler-1184 b,4.5000000000000036
Kepler-487 c,4.5000000000000036
Kepler-1772 b,4.5000000000000036
Kepler-1600 b,4.5
TOI-4504 b,4.249999999999998
Kepler-512 b,4.249999999999998
Kepler-671 b,4.249999999999998
Kepler-545 b,4.249999999999998
Kepler-417 c,4.249999999999998
Kepler-1369 b,4.249999999999998
Kepler-1045 b,4.249999999999998
Kepler-168 c,4.249999999999998
TOI-4127 b,4.249999999999998
Kepler-139 b,4.235949999999999
Kepler-42 d,4.199999999999997
TOI-1266 b,4.05
TOI-712 c,4.0000000000000036
Kepler-27 d,4.0000000000000036
Kepler-668 b,4.0000000000000036
Kepler-1807 b,4.0000000000000036
Kepler-228 c,4.0000000000000036
Kepler-811 b,4.0000000000000036
Kepler-1452 b,4.0000000000000036
Kepler-290 c,4.0000000000000036
Kepler-1801 b,4.0000000000000036
Kepler-995 b,4.0000000000000036
Kepler-396 b,4.0000000000000036
Kepler-1677 b,4.0000000000000036
Kepler-259 c,4.0000000000000036
Kepler-1843 b,4.0000000000000036
Kepler-1785 b,4.0000000000000036
Kepler-511 b,4.0
TOI-1803 b,3.757750000000004
Kepler-29 c,3.75
Kepler-233 c,3.749999999999998
Kepler-655 b,3.749999999999998
Kepler-540 b,3.749999999999998
Kepler-1543 b,3.749999999999998
HD 7924 c,3.749999999999998
Kepler-355 c,3.749999999999998
Kepler-1230 b,3.749999999999998
Kepler-294 c,3.749999999999998
Kepler-1748 b,3.749999999999998
Kepler-478 b,3.749999999999998
Kepler-113 b,3.5999999999999983
HAT-P-22 b,3.500000000000003
Kepler-358 b,3.500000000000003
Kepler-979 b,3.500000000000003
TOI-122 b,3.500000000000003
TOI-1260 d,3.500000000000003
K2-123 b,3.500000000000002
Kepler-1129 c,3.2499999999999973
Kepler-836 b,3.2499999999999973
Kepler-506 b,3.2499999999999973
Kepler-1656 b,3.2499999999999973
Kepler-838 b,3.2499999999999973
Kepler-164 c,3.2499999999999973
Kepler-551 b,3.2499999999999973
Kepler-2000 b,3.2499999999999973
TOI-1853 b,3.2499999999999973
TIC 139270665 b,3.2499999999999973
Kepler-52 c,3.199999999999999
Kepler-192 b,3.0000000000000027
Kepler-212 c,3.0000000000000027
Kepler-1118 b,3.0000000000000027
Kepler-1847 b,3.0000000000000027
Kepler-1815 b,2.749999999999997
Kepler-1796 b,2.749999999999997
Kepler-304 d,2.749999999999997
Kepler-193 c,2.749999999999997
HD 63935 c,2.749999999999997
HD 3167 c,2.749999999999997
Kepler-296 c,2.549999999999999
Kepler-244 b,2.500000000000002
Kepler-172 e,2.500000000000002
Kepler-1762 b,2.500000000000002
Kepler-819 b,2.500000000000002
Kepler-1458 b,2.500000000000002
KOI-1257 b,2.500000000000002
Kepler-1944 b,2.500000000000002
Kepler-449 c,2.500000000000002
Kepler-607 c,2.500000000000002
Kepler-92 b,2.4517750000000005
TOI-1736 b,2.2499999999999964
Kepler-1077 b,2.2499999999999964
Kepler-487 d,2.2499999999999964
Kepler-251 e,2.2499999999999964
TOI-1272 b,2.2499999999999964
Kepler-1906 b,2.2499999999999964
Kepler-251 d,2.2499999999999964
Kepler-1140 b,2.2499999999999964
TOI-4791 b,2.2499999999999964
Kepler-251 c,2.2499999999999964
TOI-5076 b,2.0000000000000018
Kepler-870 b,2.0000000000000018
K2-284 b,2.0000000000000018
Kepler-894 b,2.0000000000000018
Kepler-1669 b,2.0000000000000018
Kepler-480 b,2.0000000000000018
Kepler-531 b,2.0000000000000018
Kepler-799 c,2.0000000000000018
Kepler-1469 b,1.749999999999996
Kepler-835 b,1.749999999999996
Kepler-259 b,1.749999999999996
Kepler-912 b,1.749999999999996
Kepler-694 b,1.749999999999996
Kepler-66 b,1.749999999999996
Kepler-586 b,1.749999999999996
Kepler-192 c,1.749999999999996
Kepler-573 b,1.749999999999996
Kepler-529 d,1.749999999999996
Kepler-152 b,1.749999999999996
Kepler-150 d,1.749999999999996
Kepler-325 d,1.749999999999996
TOI-1467 b,1.6000000000000014
Kepler-1538 b,1.5433333333333263
Kepler-1234 b,1.5000000000000013
Kepler-892 b,1.5000000000000013
Kepler-1113 b,1.5000000000000013
Kepler-1784 b,1.5000000000000013
Kepler-752 b,1.5000000000000013
Kepler-223 e,1.5000000000000013
Kepler-1333 b,1.5000000000000013
Kepler-351 b,1.5000000000000013
TOI-2443 b,1.5000000000000013
HD 42618 b,1.5
Kepler-231 c,1.4000000000000012
HD 135694 b,1.2499999999999956
Kepler-198 b,1.2499999999999956
Kepler-1696 b,1.2499999999999956
Kepler-722 c,1.2499999999999956
Kepler-1897 b,1.2499999999999956
Kepler-1183 b,1.2499999999999956
Kepler-1725 b,1.2499999999999956
Kepler-733 b,1.2499999999999956
Kepler-1411 b,1.2499999999999956
TOI-421 b,1.0009500000000005
Kepler-585 b,1.0000000000000009
K2-100 b,1.0000000000000009
Kepler-264 c,1.0000000000000009
Kepler-1359 b,1.0000000000000009
Kepler-1738 b,1.0000000000000009
Kepler-555 b,1.0000000000000009
Kepler-1099 b,1.0000000000000009
TOI-2537 b,1.0
Kepler-1318 b,1.0
Kepler-109 b,0.7499999999999973
Kepler-1724 b,0.7499999999999951
Kepler-701 b,0.7499999999999951
K2-266 d,0.7499999999999951
Kepler-410 A b,0.7499999999999951
Kepler-612 b,0.7499999999999951
Kepler-133 c,0.7499999999999951
Kepler-1789 b,0.7499999999999951
Kepler-599 b,0.7499999999999951
Kepler-1665 b,0.7499999999999951
Kepler-527 b,0.7499999999999951
Kepler-800 b,0.5000000000000004
Kepler-288 c,0.5000000000000004
Kepler-358 c,0.5000000000000004
Kepler-201 c,0.5000000000000004
Kepler-466 b,0.5000000000000004
Kepler-1770 b,0.5000000000000004
Kepler-267 b,0.40000000000000036
Kepler-1237 b,0.24999999999999467
Kepler-304 b,0.24999999999999467
Kepler-1388 d,0.24999999999999467
Kepler-1419 b,0.24999999999999467
Kepler-1325 b,0.24999999999999467
Kepler-172 c,0.24999999999999467
Kepler-170 c,0.24999999999999467
Kepler-142 c,0.24999999999999467
Kepler-1518 b,0.0
Kepler-1518 c,0.0
Kepler-247 d,0.0
Kepler-248 b,0.0
AU Mic c,0.0
rho CrB b,0.0
rho CrB c,0.0
Kepler-302 b,0.0
Kepler-491 b,0.0
Kepler-495 b,0.0
Kepler-497 b,0.0
Kepler-498 b,0.0
Kepler-12 b,0.0
Kepler-1202 b,0.0
Kepler-123 b,0.0
Kepler-5 b,0.0
Kepler-501 b,0.0
Kepler-502 b,0.0
Kepler-476 b,0.0
XO-2 N b,0.0
XO-4 b,0.0
XO-5 b,0.0
XO-7 b,0.0
Kepler-1844 b,0.0
Kepler-1851 b,0.0
HIP 9618 b,0.0
HIP 9618 c,0.0
Kepler-1090 c,0.0
Kepler-1094 b,0.0
Kepler-209 c,0.0
Kepler-210 b,0.0
KPS-1 b,0.0
Kepler-100 c,0.0
Kepler-1000 b,0.0
Kepler-1001 b,0.0
Kepler-30 b,0.0
Kepler-30 c,0.0
Kepler-511 c,0.0
Kepler-122 c,0.0
Kepler-1835 b,0.0
Kepler-305 c,0.0
Kepler-305 d,0.0
Kepler-1011 b,0.0
Kepler-1015 b,0.0
Kepler-1016 c,0.0
Kepler-296 d,0.0
Kepler-222 d,0.0
Kepler-223 b,0.0
Kepler-223 c,0.0
Kepler-223 d,0.0
Kepler-516 b,0.0
HIP 67522 b,0.0
Kepler-53 b,0.0
Kepler-53 c,0.0
Kepler-53 d,0.0
Kepler-51 d,0.0
Kepler-305 b,0.0
Kepler-1875 b,0.0
Kepler-483 b,0.0
Kepler-489 b,0.0
Kepler-457 d,0.0
Kepler-458 c,0.0
Kepler-460 c,0.0
Kepler-462 c,0.0
Kepler-463 b,0.0
Kepler-464 b,0.0
Kepler-1878 b,0.0
Kepler-188 c,0.0
Kepler-559 b,0.0
Kepler-530 b,0.0
Kepler-533 b,0.0
Kepler-536 b,0.0
Kepler-1239 b,0.0
Kepler-1819 b,0.0
Kepler-182 c,0.0
Kepler-1820 b,0.0
Kepler-541 b,0.0
Kepler-521 b,0.0
Kepler-522 b,0.0
Kepler-550 b,0.0
Kepler-552 b,0.0
Kepler-554 b,0.0
Kepler-465 b,0.0
Kepler-472 b,0.0
Kepler-473 b,0.0
Kepler-474 b,0.0
K2-12 b,0.0
K2-121 b,0.0
Kepler-44 b,0.0
Kepler-117 b,0.0
Kepler-117 c,0.0
Kepler-1172 b,0.0
Kepler-1175 b,0.0
Kepler-1204 b,0.0
Kepler-582 b,0.0
Kepler-584 b,0.0
Kepler-56 b,0.0
Kepler-56 c,0.0
Kepler-561 b,0.0
Kepler-562 b,0.0
Kepler-563 b,0.0
Kepler-564 b,0.0
Kepler-565 b,0.0
Kepler-569 b,0.0
Kepler-546 b,0.0
Kepler-547 b,0.0
Kepler-549 b,0.0
Kepler-549 c,0.0
Kepler-549 d,0.0
Kepler-55 b,0.0
Kepler-416 b,0.0
Kepler-58 b,0.0
Kepler-58 c,0.0
Kepler-183 c,0.0
Kepler-1830 b,0.0
Kepler-224 c,0.0
Kepler-216 c,0.0
Kepler-218 c,0.0
Kepler-219 b,0.0
Kepler-219 c,0.0
Kepler-297 b,0.0
Kepler-297 c,0.0
Kepler-103 c,0.0
Kepler-29 b,0.0
Kepler-1808 b,0.0
Kepler-58 d,0.0
HD 56414 b,0.0
HD 63433 b,0.0
Kepler-576 b,0.0
Kepler-1883 b,0.0
Kepler-1887 b,0.0
Kepler-1889 b,0.0
Kepler-447 b,0.0
Kepler-45 b,0.0
Kepler-450 b,0.0
Kepler-428 b,0.0
Kepler-430 b,0.0
Kepler-433 b,0.0
K2-113 b,0.0
K2-115 b,0.0
Kepler-590 b,0.0
Kepler-293 b,0.0
Kepler-293 c,0.0
Kepler-101 b,0.0
Kepler-287 c,0.0
Kepler-289 c,0.0
Kepler-229 d,0.0
Kepler-1068 b,0.0
Kepler-591 b,0.0
Kepler-593 b,0.0
Kepler-595 b,0.0
Kepler-596 b,0.0
Kepler-598 c,0.0
Kepler-6 b,0.0
Kepler-18 d,0.0
Kepler-180 c,0.0
Kepler-608 b,0.0
Kepler-609 b,0.0
Kepler-610 b,0.0
Kepler-418 c,0.0
Kepler-421 b,0.0
Kepler-119 b,0.0
Kepler-1896 b,0.0
Kepler-422 b,0.0
Kepler-423 b,0.0
Kepler-424 b,0.0
Kepler-425 b,0.0
HD 89345 b,0.0
Kepler-643 b,0.0
Kepler-644 b,0.0
Kepler-616 c,0.0
Kepler-619 b,0.0
Kepler-619 d,0.0
Kepler-620 b,0.0
Kepler-623 b,0.0
Kepler-627 b,0.0
Kepler-600 b,0.0
Kepler-603 c,0.0
Kepler-606 b,0.0
Kepler-1810 b,0.0
Kepler-1811 b,0.0
Kepler-1797 b,0.0
Kepler-1799 b,0.0
Kepler-18 c,0.0
K2-127 b,0.0
HD 42813 b,0.0
HD 48948 d,0.0
Kepler-630 b,0.0
Kepler-631 b,0.0
Kepler-636 b,0.0
Kepler-637 b,0.0
Kepler-1801 c,0.0
Kepler-126 d,0.0
Kepler-178 c,0.0
Kepler-178 d,0.0
Kepler-1780 b,0.0
Kepler-1786 b,0.0
Kepler-642 b,0.0
HD 28109 c,0.0
HD 28109 d,0.0
HD 332231 b,0.0
Kepler-426 b,0.0
Kepler-427 b,0.0
K2-14 b,0.0
K2-140 b,0.0
Kepler-405 c,0.0
Kepler-41 b,0.0
Kepler-411 b,0.0
Kepler-411 c,0.0
Kepler-412 b,0.0
Kepler-4 b,0.0
Kepler-40 b,0.0
K2-124 b,0.0
Kepler-650 b,0.0
Kepler-1790 b,0.0
Kepler-1791 b,0.0
Kepler-1793 b,0.0
Kepler-1767 b,0.0
Kepler-1769 b,0.0
Kepler-177 b,0.0
Kepler-177 c,0.0
Kepler-1771 b,0.0
Kepler-1773 b,0.0
Kepler-1774 b,0.0
Kepler-656 b,0.0
Kepler-657 b,0.0
HD 2685 b,0.0
Kepler-1085 c,0.0
Kepler-221 c,0.0
Kepler-221 e,0.0
Kepler-222 b,0.0
Kepler-222 c,0.0
Kepler-1024 b,0.0
Kepler-103 b,0.0
Kepler-278 b,0.0
Kepler-278 c,0.0
Kepler-279 c,0.0
Kepler-673 b,0.0
Kepler-676 b,0.0
Kepler-677 b,0.0
Kepler-647 c,0.0
Kepler-648 b,0.0
Kepler-65 c,0.0
HD 221416 b,0.0
Kepler-678 b,0.0
Kepler-679 b,0.0
Kepler-681 b,0.0
Kepler-682 b,0.0
Kepler-684 b,0.0
Kepler-685 b,0.0
Kepler-687 b,0.0
Kepler-688 b,0.0
Kepler-689 b,0.0
Kepler-690 b,0.0
Kepler-692 b,0.0
Kepler-661 b,0.0
Kepler-667 b,0.0
Kepler-669 b,0.0
Kepler-67 b,0.0
Kepler-108 b,0.0
Kepler-108 c,0.0
Kepler-712 b,0.0
Kepler-714 b,0.0
Kepler-715 b,0.0
Kepler-716 b,0.0
Kepler-693 b,0.0
Kepler-695 b,0.0
Kepler-696 b,0.0
Kepler-697 b,0.0
Kepler-698 b,0.0
Kepler-7 b,0.0
Kepler-700 b,0.0
HD 209458 b,0.0
HD 219666 b,0.0
Kepler-1779 b,0.0
Kepler-178 b,0.0
Kepler-1752 b,0.0
Kepler-1755 b,0.0
Kepler-1757 b,0.0
K2-132 b,0.0
Kepler-116 b,0.0
Kepler-118 c,0.0
Kepler-318 b,0.0
Kepler-318 c,0.0
Kepler-32 c,0.0
Kepler-31 b,0.0
KOI-94 c,0.0
KOI-94 d,0.0
KOI-94 e,0.0
KOI-984 b,0.0
Kepler-724 b,0.0
Kepler-725 b,0.0
Kepler-726 b,0.0
Kepler-728 b,0.0
Kepler-729 b,0.0
Kepler-734 b,0.0
Kepler-735 b,0.0
Kepler-702 b,0.0
Kepler-703 b,0.0
Kepler-708 b,0.0
Kepler-709 b,0.0
Kepler-711 b,0.0
Kepler-1775 b,0.0
Kepler-1778 b,0.0
Kepler-175 c,0.0
HD 191939 c,0.0
HD 191939 e,0.0
HD 202772 A b,0.0
Kepler-736 b,0.0
Kepler-739 b,0.0
Kepler-74 b,0.0
Kepler-740 b,0.0
Kepler-741 b,0.0
Kepler-742 b,0.0
Kepler-747 b,0.0
Kepler-749 b,0.0
Kepler-750 b,0.0
Kepler-719 b,0.0
Kepler-720 b,0.0
HD 191939 b,0.0
Kepler-1764 b,0.0
Kepler-1740 b,0.0
Kepler-1744 b,0.0
Kepler-279 d,0.0
Kepler-281 c,0.0
Kepler-282 d,0.0
Kepler-282 e,0.0
Kepler-287 b,0.0
Kepler-104 d,0.0
Kepler-1041 b,0.0
Kepler-234 b,0.0
Kepler-234 c,0.0
Kepler-226 c,0.0
Kepler-227 b,0.0
Kepler-1747 b,0.0
Kepler-1927 b,0.0
HD 152843 b,0.0
Kepler-774 b,0.0
Kepler-781 b,0.0
Kepler-782 b,0.0
Kepler-76 b,0.0
Kepler-760 b,0.0
Kepler-766 b,0.0
Kepler-767 b,0.0
Kepler-769 b,0.0
Kepler-77 b,0.0
HD 108236 e,0.0
HD 110082 b,0.0
HD 15906 c,0.0
HD 164922 c,0.0
HD 189733 b,0.0
Kepler-8 b,0.0
HD 118203 b,0.0
HD 1397 b,0.0
HD 149026 b,0.0
Kepler-1080 b,0.0
Kepler-1083 b,0.0
Kepler-1914 b,0.0
Kepler-1915 b,0.0
K2-138 e,0.0
K2-157 d,0.0
K2-19 b,0.0
K2-19 c,0.0
Kepler-1920 b,0.0
Kepler-1921 b,0.0
Kepler-1925 b,0.0
Kepler-812 b,0.0
Kepler-79 b,0.0
Kepler-79 c,0.0
Kepler-79 d,0.0
Kepler-791 b,0.0
Kepler-1267 b,0.0
Kepler-1270 b,0.0
Kepler-129 c,0.0
Kepler-1727 b,0.0
Kepler-1728 b,0.0
Kepler-1729 b,0.0
Kepler-1730 b,0.0
Kepler-1731 b,0.0
Kepler-1732 b,0.0
Kepler-799 b,0.0
HATS-65 b,0.0
HATS-67 b,0.0
HATS-68 b,0.0
HATS-69 b,0.0
HATS-7 b,0.0
HATS-71 b,0.0
HATS-72 b,0.0
HATS-74 A b,0.0
HATS-75 b,0.0
Kepler-80 b,0.0
Kepler-80 c,0.0
Kepler-802 b,0.0
Kepler-803 b,0.0
Kepler-805 b,0.0
Kepler-809 b,0.0
Kepler-815 b,0.0
Kepler-816 b,0.0
Kepler-817 b,0.0
Kepler-227 c,0.0
Kepler-228 d,0.0
Kepler-229 c,0.0
Kepler-275 c,0.0
Kepler-275 d,0.0
Kepler-276 c,0.0
Kepler-276 d,0.0
Kepler-266 c,0.0
Kepler-268 c,0.0
Kepler-818 b,0.0
HATS-63 b,0.0
HATS-64 b,0.0
Kepler-1720 b,0.0
Kepler-1721 b,0.0
Kepler-1722 b,0.0
Kepler-827 b,0.0
Kepler-391 b,0.0
Kepler-391 c,0.0
Kepler-396 c,0.0
K2-237 b,0.0
K2-24 b,0.0
K2-24 c,0.0
K2-260 b,0.0
K2-261 b,0.0
Kepler-1165 c,0.0
Kepler-1929 b,0.0
HATS-55 b,0.0
HATS-56 b,0.0
HATS-58 A b,0.0
Kepler-84 b,0.0
HATS-77 b,0.0
HD 106315 c,0.0
Kepler-82 b,0.0
Kepler-82 c,0.0
Kepler-82 e,0.0
Kepler-820 b,0.0
Kepler-1733 b,0.0
Kepler-1734 b,0.0
Kepler-1736 b,0.0
Kepler-1717 b,0.0
Kepler-1719 b,0.0
Kepler-863 b,0.0
HATS-46 b,0.0
HATS-47 b,0.0
HATS-48 A b,0.0
HATS-49 b,0.0
HATS-5 b,0.0
HATS-51 b,0.0
Kepler-1723 b,0.0
Kepler-17 b,0.0
Kepler-170 b,0.0
Kepler-1709 b,0.0
HATS-52 b,0.0
HATS-53 b,0.0
HATS-54 b,0.0
Kepler-368 c,0.0
K2-27 b,0.0
Kepler-1128 b,0.0
Kepler-874 b,0.0
Kepler-875 b,0.0
Kepler-880 c,0.0
HATS-59 b,0.0
HATS-6 b,0.0
HATS-60 b,0.0
HATS-62 b,0.0
Kepler-855 b,0.0
Kepler-856 b,0.0
Kepler-857 b,0.0
Kepler-858 b,0.0
Kepler-859 b,0.0
Kepler-860 b,0.0
Kepler-258 c,0.0
Kepler-26 b,0.0
Kepler-26 c,0.0
Kepler-23 c,0.0
Kepler-230 b,0.0
Kepler-1936 b,0.0
Kepler-1937 b,0.0
K2-141 c,0.0
K2-157 c,0.0
K2-295 b,0.0
K2-30 b,0.0
K2-31 b,0.0
K2-32 b,0.0
K2-232 b,0.0
K2-419 A b,0.0
K2-43 b,0.0
Kepler-891 b,0.0
Kepler-893 b,0.0
Kepler-896 c,0.0
Kepler-1714 b,0.0
Kepler-1715 b,0.0
Kepler-1311 d,0.0
Kepler-1314 b,0.0
Kepler-9 b,0.0
Kepler-9 c,0.0
Kepler-869 b,0.0
Kepler-87 b,0.0
Kepler-87 c,0.0
Kepler-871 b,0.0
Kepler-873 b,0.0
Kepler-1052 b,0.0
Kepler-921 b,0.0
HATS-3 b,0.0
HATS-30 b,0.0
HATS-31 b,0.0
HATS-32 b,0.0
HATS-33 b,0.0
HATS-34 b,0.0
HATS-35 b,0.0
HATS-37 A b,0.0
HATS-38 b,0.0
HATS-39 b,0.0
HATS-4 b,0.0
HATS-40 b,0.0
HATS-42 b,0.0
HATS-43 b,0.0
Kepler-890 b,0.0
HATS-2 b,0.0
HATS-44 b,0.0
HATS-45 b,0.0
Kepler-91 b,0.0
Kepler-913 c,0.0
Kepler-1129 b,0.0
K2-285 c,0.0
K2-29 b,0.0
Kepler-368 b,0.0
K2-32 c,0.0
K2-32 d,0.0
K2-329 b,0.0
K2-34 b,0.0
Kepler-1112 b,0.0
Kepler-920 c,0.0
HAT-P-66 b,0.0
HAT-P-68 b,0.0
HAT-P-8 b,0.0
HAT-P-9 b,0.0
HATS-1 b,0.0
Kepler-1294 b,0.0
Kepler-1299 b,0.0
Kepler-130 c,0.0
Kepler-1673 b,0.0
Kepler-1674 b,0.0
Kepler-1675 b,0.0
HATS-13 b,0.0
HATS-14 b,0.0
HATS-18 b,0.0
Kepler-953 b,0.0
Kepler-955 b,0.0
Kepler-956 b,0.0
Kepler-957 b,0.0
Kepler-959 b,0.0
HATS-24 b,0.0
HATS-25 b,0.0
HATS-26 b,0.0
HATS-27 b,0.0
Kepler-937 b,0.0
Kepler-94 b,0.0
Kepler-940 b,0.0
Kepler-941 b,0.0
Kepler-943 b,0.0
Kepler-924 b,0.0
HAT-P-65 b,0.0
Kepler-949 c,0.0
Kepler-95 b,0.0
Kepler-950 b,0.0
Kepler-951 b,0.0
Kepler-199 b,0.0
Kepler-199 c,0.0
Kepler-1990 b,0.0
CoRoT-11 b,0.0
KOI-351 f,0.0
KOI-351 g,0.0
Kepler-1004 b,0.0
Kepler-310 c,0.0
Kepler-312 c,0.0
Kepler-314 c,0.0
Kepler-315 b,0.0
Kepler-952 b,0.0
Kepler-232 c,0.0
Kepler-264 b,0.0
CoRoT-12 b,0.0
Kepler-255 c,0.0
Kepler-257 c,0.0
Kepler-257 d,0.0
Kepler-1664 b,0.0
CoRoT-19 b,0.0
Kepler-1666 b,0.0
Kepler-1666 c,0.0
Kepler-1667 b,0.0
Kepler-1668 b,0.0
Kepler-1670 b,0.0
Kepler-972 b,0.0
Kepler-975 c,0.0
Kepler-949 b,0.0
Kepler-113 c,0.0
CoRoT-4 b,0.0
Kepler-1981 b,0.0
K2-36 c,0.0
K2-360 c,0.0
K2-39 b,0.0
KELT-12 b,0.0
KELT-14 b,0.0
KELT-15 b,0.0
KELT-18 b,0.0
Kepler-357 d,0.0
Kepler-1682 b,0.0
Kepler-1684 b,0.0
Kepler-1663 b,0.0
CoRoT-5 b,0.0
Kepler-232 b,0.0
WASP-80 b,0.0
Kepler-1321 b,0.0
Kepler-1326 b,0.0
WASP-79 b,0.0
WASP-77 A b,0.0
HAT-P-55 b,0.0
HAT-P-56 b,0.0
HAT-P-57 b,0.0
HAT-P-58 b,0.0
HAT-P-59 b,0.0
HAT-P-6 b,0.0
Kepler-978 b,0.0
Kepler-987 b,0.0
Kepler-965 b,0.0
Kepler-966 b,0.0
Kepler-1993 b,0.0
HAT-P-62 b,0.0
HAT-P-63 b,0.0
HAT-P-64 b,0.0
LP 714-47 b,0.0
LTT 9779 b,0.0
NGTS-1 b,0.0
NGTS-11 b,0.0
NGTS-12 b,0.0
Kepler-993 b,0.0
HAT-P-50 b,0.0
HAT-P-51 b,0.0
HAT-P-52 b,0.0
HAT-P-53 b,0.0
HAT-P-54 b,0.0
Kepler-1672 b,0.0
Kepler-1316 b,0.0
NGTS-16 b,0.0
NGTS-17 b,0.0
NGTS-18 b,0.0
NGTS-2 b,0.0
NGTS-24 b,0.0
NGTS-26 b,0.0
NGTS-27 b,0.0
Kepler-1635 b,0.0
Kepler-164 e,0.0
Kepler-1640 b,0.0
NGTS-30 b,0.0
NGTS-5 b,0.0
NGTS-6 b,0.0
NGTS-8 b,0.0
HAT-P-60 b,0.0
HAT-P-61 b,0.0
TOI-1173 b,0.0
TOI-1174 b,0.0
TOI-1180 b,0.0
OGLE-TR-113 b,0.0
Qatar-1 b,0.0
Qatar-10 b,0.0
Qatar-6 b,0.0
Qatar-7 b,0.0
Qatar-8 b,0.0
Qatar-9 b,0.0
TIC 237913194 b,0.0
TIC 257060897 b,0.0
TOI-1052 c,0.0
TOI-1062 c,0.0
NGTS-14 A b,0.0
NGTS-15 b,0.0
Kepler-1624 b,0.0
Kepler-1625 b,0.0
Kepler-1627 b,0.0
TOI-1246 d,0.0
TOI-1246 e,0.0
TOI-1248 b,0.0
TOI-1249 b,0.0
TOI-125 c,0.0
TOI-1117 c,0.0
TOI-1117 d,0.0
TOI-1130 c,0.0
TOI-1135 b,0.0
TOI-1136 c,0.0
TOI-1136 d,0.0
TOI-1136 e,0.0
TOI-1136 f,0.0
Kepler-1641 c,0.0
Kepler-1642 b,0.0
WASP-75 b,0.0
Kepler-359 b,0.0
Kepler-36 c,0.0
WASP-74 b,0.0
Kepler-351 c,0.0
K2-45 b,0.0
K2-55 b,0.0
K2-60 b,0.0
K2-7 b,0.0
K2-79 b,0.0
K2-97 b,0.0
K2-98 b,0.0
KELT-11 b,0.0
Kepler-1360 b,0.0
TOI-1268 b,0.0
Kepler-258 b,0.0
Kepler-1051 b,0.0
Kepler-1065 b,0.0
Kepler-248 c,0.0
Kepler-25 c,0.0
Kepler-1056 b,0.0
Kepler-1057 b,0.0
TOI-1273 b,0.0
TOI-1288 b,0.0
TOI-1294 b,0.0
TOI-1295 b,0.0
TOI-1296 b,0.0
TOI-1194 b,0.0
TOI-1199 b,0.0
Kepler-1641 b,0.0
TOI-1298 b,0.0
HAT-P-3 b,0.0
HAT-P-30 b,0.0
HAT-P-35 b,0.0
HAT-P-36 b,0.0
HAT-P-37 b,0.0
HAT-P-38 b,0.0
HAT-P-39 b,0.0
HAT-P-4 b,0.0
HAT-P-40 b,0.0
HAT-P-42 b,0.0
HAT-P-43 b,0.0
HAT-P-44 b,0.0
HAT-P-45 b,0.0
HAT-P-46 b,0.0
TOI-1259 A b,0.0
Kepler-1354 b,0.0
WASP-93 b,0.0
Kepler-136 b,0.0
TOI-1422 b,0.0
TOI-1443 b,0.0
Kepler-344 c,0.0
Kepler-346 c,0.0
Kepler-11 d,0.0
Kepler-11 e,0.0
Kepler-1989 b,0.0
Kepler-347 d,0.0
Kepler-350 c,0.0
KOI-134 b,0.0
KOI-142 b,0.0
Kepler-338 b,0.0
Kepler-338 d,0.0
TOI-157 b,0.0
TOI-1601 b,0.0
TOI-163 b,0.0
WASP-50 b,0.0
Kepler-160 c,0.0
EPIC 220674823 c,0.0
WTS-2 b,0.0
Kepler-1405 b,0.0
TOI-1670 c,0.0
TOI-169 b,0.0
TOI-1691 b,0.0
HAT-P-5 b,0.0
TOI-1333 b,0.0
TOI-1386 b,0.0
TOI-1420 b,0.0
Kepler-162 c,0.0
TOI-1855 b,0.0
TOI-1859 b,0.0
TOI-1898 b,0.0
TOI-1899 b,0.0
TOI-1694 b,0.0
TOI-1710 b,0.0
TOI-1723 b,0.0
TOI-1728 b,0.0
TOI-1758 b,0.0
TOI-1759 b,0.0
TOI-1775 b,0.0
TOI-1794 b,0.0
Wendelstein-1 b,0.0
TOI-1472 b,0.0
TOI-1478 b,0.0
TOI-150.01,0.0
Kepler-1442 b,0.0
Kepler-1447 b,0.0
Kepler-145 b,0.0
Kepler-143 c,0.0
TOI-1842 b,0.0
Kepler-207 d,0.0
Kepler-328 c,0.0
Kepler-33 c,0.0
Kepler-33 e,0.0
Kepler-33 f,0.0
KOI-1783.01,0.0
KOI-351 d,0.0
Kepler-210 c,0.0
Wendelstein-2 b,0.0
Kepler-1995 b,0.0
Kepler-1999 b,0.0
TOI-2010 b,0.0
TOI-2015 b,0.0
TOI-2015 c,0.0
TOI-2019 b,0.0
TOI-2031 A b,0.0
Kepler-1562 b,0.0
Kepler-1451 b,0.0
TOI-2107 b,0.0
TOI-1803 c,0.0
TOI-181 b,0.0
TOI-1811 b,0.0
TOI-1820 b,0.0
TOI-1823 b,0.0
TOI-1836 b,0.0
AU Mic b,0.0
Kepler-1462 b,0.0
TOI-216.01,0.0
TOI-216.02,0.0
Kepler-238 e,0.0
Kepler-238 f,0.0
Kepler-24 e,0.0
Kepler-253 d,0.0
Kepler-254 b,0.0
Kepler-245 b,0.0
Kepler-245 d,0.0
Kepler-247 c,0.0
TOI-2169 A b,0.0
TOI-2193 A b,0.0
TOI-1937 A b,0.0
TOI-199 b,0.0
TOI-2000 c,0.0
TOI-201 b,0.0
TOI-2236 b,0.0
TOI-2295 b,0.0
TOI-2328 b,0.0
TOI-2346 b,0.0
TOI-2364 b,0.0
TOI-2368 b,0.0
TOI-2374 b,0.0
TOI-238 c,0.0
TOI-2382 b,0.0
TOI-2406 b,0.0
TOI-2407 b,0.0
TOI-2420 b,0.0
TOI-2120 b,0.0
TOI-2152 A b,0.0
TOI-2154 b,0.0
TOI-2158 b,0.0
TOI-2524 b,0.0
TOI-2525 b,0.0
TOI-2525 c,0.0
Kepler-146 b,0.0
Kepler-146 c,0.0
Kepler-148 d,0.0
Kepler-1546 b,0.0
Kepler-1550 b,0.0
XO-1 b,0.0
TOI-2567 b,0.0
TOI-257 b,0.0
TOI-2570 b,0.0
TOI-2580 b,0.0
TOI-2583 A b,0.0
TOI-2202 b,0.0
TOI-2207 b,0.0
TOI-3474 b,0.0
TOI-3486 b,0.0
TOI-2587 A b,0.0
TOI-2641 b,0.0
TOI-2714 b,0.0
TOI-2796 b,0.0
TOI-2803 A b,0.0
TOI-2818 b,0.0
TOI-2842 b,0.0
TOI-2876 b,0.0
TOI-2886 b,0.0
TOI-2969 b,0.0
TOI-2421 b,0.0
WASP-39 b,0.0
TOI-2447 b,0.0
TOI-2498 b,0.0
KOBE-1 c,0.0
KOI-12 b,0.0
Kepler-324 c,0.0
TOI-3884 b,0.0
TOI-2981 b,0.0
TOI-2986 b,0.0
TOI-3023 b,0.0
TOI-3071 b,0.0
TOI-3135 b,0.0
TOI-3160 A b,0.0
TOI-3235 b,0.0
TOI-329 b,0.0
TOI-3321 b,0.0
TOI-3331 A b,0.0
TOI-3364 b,0.0
TOI-3464 b,0.0
TOI-3807 b,0.0
TOI-3819 b,0.0
TOI-3837 b,0.0
TOI-3856 b,0.0
TOI-3877 b,0.0
Kepler-340 c,0.0
Kepler-335 b,0.0
Kepler-335 c,0.0
KELT-2 A b,0.0
KELT-23 A b,0.0
KELT-3 b,0.0
KELT-4 A b,0.0
KELT-6 b,0.0
KELT-7 b,0.0
KELT-8 b,0.0
KOBE-1 b,0.0
TOI-3984 A b,0.0
TOI-4010 c,0.0
TOI-4010 d,0.0
TOI-4087 b,0.0
TOI-4137 b,0.0
TOI-4145 A b,0.0
TOI-4153 b,0.0
TOI-3523 A b,0.0
TOI-3568 b,0.0
TOI-3629 b,0.0
TOI-3682 b,0.0
TOI-3688 A b,0.0
TOI-3693 b,0.0
TOI-3714 b,0.0
TOI-3757 b,0.0
TOI-3785 b,0.0
WASP-4 b,0.0
TOI-421 c,0.0
TOI-4214 b,0.0
TOI-431 d,0.0
TOI-4377 b,0.0
TOI-4406 b,0.0
TOI-4438 b,0.0
TOI-4463 A b,0.0
TOI-4487 A b,0.0
TOI-451 c,0.0
TOI-451 d,0.0
TOI-4515 b,0.0
TOI-3894 b,0.0
TOI-3912 b,0.0
TOI-3976 A b,0.0
TOI-3980 b,0.0
HAT-P-17 b,0.0
HAT-P-18 b,0.0
HAT-P-19 b,0.0
Kepler-1467 b,0.0
Kepler-1468 d,0.0
Kepler-1495 b,0.0
Kepler-1536 b,0.0
Kepler-1517 b,0.0
Kepler-154 c,0.0
HAT-P-23 b,0.0
HAT-P-24 b,0.0
HAT-P-25 b,0.0
HAT-P-26 b,0.0
HAT-P-27 b,0.0
HAT-P-28 b,0.0
TOI-4201 b,0.0
HAT-P-29 b,0.0
TOI-4734 b,0.0
TOI-4794 b,0.0
TOI-481 b,0.0
TOI-4860 b,0.0
TOI-4914 b,0.0
TOI-4961 b,0.0
TOI-4994 b,0.0
TOI-5126 b,0.0
TOI-5126 c,0.0
TOI-4551 b,0.0
HAT-P-1 b,0.0
HAT-P-11 b,0.0
HAT-P-12 b,0.0
HAT-P-13 b,0.0
HAT-P-15 b,0.0
TOI-615 b,0.0
TOI-5181 A b,0.0
TOI-519 b,0.0
TOI-5205 b,0.0
TOI-5210 b,0.0
TOI-5232 b,0.0
TOI-5293 A b,0.0
TOI-530 b,0.0
TOI-5300 b,0.0
TOI-532 b,0.0
TOI-5322 b,0.0
TOI-5340 b,0.0
TOI-5344 b,0.0
TOI-5386 A b,0.0
TOI-5398 b,0.0
TOI-5398 c,0.0
Kepler-1487 c,0.0
TOI-677 b,0.0
TOI-6894 b,0.0
GJ 436 b,0.0
TOI-5542 b,0.0
TOI-5573 b,0.0
TOI-5592 b,0.0
TOI-561 c,0.0
TOI-564 b,0.0
TOI-5678 b,0.0
TOI-5688 A b,0.0
TOI-5795 b,0.0
TOI-5817 b,0.0
TOI-6016 b,0.0
TOI-6034 b,0.0
TOI-6130 b,0.0
TOI-778 b,0.0
TOI-620 b,0.0
TOI-622 b,0.0
TOI-6383 A b,0.0
TOI-640 b,0.0
TOI-6628 b,0.0
TOI-6695 b,0.0
TOI-674 b,0.0
Kepler-154 d,0.0
Kepler-1475 b,0.0
Kepler-148 c,0.0
Kepler-1520 b,0.0
Kepler-1524 b,0.0
Kepler-1527 b,0.0
Kepler-153 b,0.0
Kepler-1530 d,0.0
TOI-858 B b,0.0
TOI-892 b,0.0
TOI-905 b,0.0
TOI-954 b,0.0
GJ 724 b,0.0
TOI-7149 b,0.0
Kepler-149 b,0.0
Kepler-1490 b,0.0
Kepler-1494 b,0.0
Kepler-150 e,0.0
Kepler-1502 b,0.0
Kepler-151 b,0.0
Kepler-1510 b,0.0
Kepler-1513 b,0.0
Kepler-1515 b,0.0
TOI-762 A b,0.0
WASP-116 b,0.0
WASP-117 b,0.0
WASP-119 b,0.0
EPIC 249893012 c,0.0
EPIC 249893012 d,0.0
G 192-15 c,0.0
GJ 3470 b,0.0
TrES-1 b,0.0
TrES-2 b,0.0
TrES-3 b,0.0
TrES-4 b,0.0
TrES-5 b,0.0
V1298 Tau b,0.0
TOI-813 b,0.0
TOI-815 b,0.0
TOI-837 b,0.0
WASP-135 b,0.0
WASP-136 b,0.0
WASP-139 b,0.0
WASP-140 b,0.0
WASP-141 b,0.0
V1298 Tau e,0.0
WASP-1 b,0.0
WASP-100 b,0.0
WASP-101 b,0.0
WASP-102 b,0.0
WASP-104 b,0.0
WASP-106 b,0.0
WASP-107 b,0.0
WASP-11 b,0.0
WASP-113 b,0.0
WASP-114 b,0.0
WASP-153 b,0.0
WASP-154 b,0.0
WASP-155 b,0.0
WASP-156 b,0.0
WASP-159 b,0.0
WASP-16 b,0.0
WASP-160 B b,0.0
WASP-123 b,0.0
WASP-124 b,0.0
WASP-126 b,0.0
WASP-127 b,0.0
WASP-129 b,0.0
WASP-13 b,0.0
WASP-131 b,0.0
WASP-132 b,0.0
WASP-133 b,0.0
WASP-175 b,0.0
WASP-176 b,0.0
WASP-180 A b,0.0
WASP-182 b,0.0
WASP-184 b,0.0
WASP-185 b,0.0
WASP-187 b,0.0
WASP-188 b,0.0
WASP-142 b,0.0
WASP-144 b,0.0
WASP-145 A b,0.0
WASP-147 b,0.0
WASP-148 b,0.0
WASP-149 b,0.0
WASP-15 b,0.0
WASP-151 b,0.0
WASP-20 b,0.0
WASP-21 b,0.0
WASP-22 b,0.0
WASP-23 b,0.0
WASP-24 b,0.0
WASP-25 b,0.0
WASP-26 b,0.0
WASP-28 b,0.0
WASP-164 b,0.0
WASP-165 b,0.0
WASP-166 b,0.0
WASP-168 b,0.0
WASP-169 b,0.0
WASP-171 b,0.0
WASP-172 b,0.0
WASP-174 b,0.0
WASP-71 b,0.0
WASP-72 b,0.0
WASP-73 b,0.0
WASP-41 b,0.0
WASP-42 b,0.0
WASP-44 b,0.0
WASP-45 b,0.0
WASP-46 b,0.0
WASP-19 b,0.0
WASP-190 b,0.0
WASP-192 b,0.0
WASP-193 b,0.0
WASP-194 b,0.0
WASP-195 b,0.0
WASP-197 b,0.0
WASP-2 b,0.0
WASP-52 b,0.0
WASP-54 b,0.0
WASP-55 b,0.0
WASP-84 b,0.0
WASP-85 A b,0.0
WASP-88 b,0.0
WASP-90 b,0.0
WASP-91 b,0.0
Kepler-1519 b,0.0
WASP-62 b,0.0
WASP-63 b,0.0
WASP-64 b,0.0
WASP-65 b,0.0
WASP-66 b,0.0
WASP-69 b,0.0
WASP-7 b,0.0
WASP-94 A b,0.0
WASP-95 b,0.0
WASP-6 b,0.0
WASP-60 b,0.0
WASP-61 b,0.0
WASP-29 b,0.0
WASP-3 b,0.0
WASP-31 b,0.0
WASP-34 b,0.0
WASP-35 b,0.0
WASP-36 b,0.0
WASP-37 b,0.0
WASP-56 b,0.0
WASP-57 b,0.0
WASP-58 b,0.0
WASP-92 b,0.0
Kepler-15 b,0.0
Kepler-150 c,0.0
WASP-81 b,0.0
WASP-82 b,0.0
WASP-83 b,0.0
Kepler-324 e,0.0
Kepler-325 b,0.0
WASP-96 b,0.0
WASP-97 b,0.0
WASP-98 b,0.0
EPIC 211945201 b,0.0
WASP-47 b,0.0
WASP-48 b,0.0
WASP-49 b,0.0
WASP-5 b,0.0
CoRoT-1 b,0.0
